BA_RECCODE,ACCT_NO,FIRM_NO,SUB_NO,REP,OLD_ACCT_NO,ZIP_CODE,ZIP_4_CODE,FOREIGN_ZIP,NAMELINES,NAME_LINE1,NAME_LINE2,NAME_LINE3,NAME_LINE4,NAME_LINE5,NAME_LINE6,KEY1,KEY2,KEY3,KEY4,KEY5,HOME_PHONE,WORK_PHONE,ALT_PHONE,STATE_CODE,COUNTRY_CODE,PROVINCE_CODE,WITHHOLD_CNTRY,NO_AUTO_CANCEL_SW,NOID_WITHHOLD_CODE,TAX_ID_FORMAT,W8_MAILING_CY,TAX_ID,LAST_ACTIVITY_CYM,OPEN_CYMD,CHANGE_CYMD,CASH_SI1,CASH_SI2,MARGIN_SI1,MARGIN_SI2,DIVIDEN_SI,SECOND_CASH_SI,WITHHOLD_SW,W9_REQUEST_STATUS,W8_REQUEST_STATUS,TEFRA_EXEMPT_SW,PRINCIPAL_CODE,F1001_STATUS,INST_CODE,NY_TAX_SW,INV_OBJ,CLASS,NETWORK_ELIG_FL,MISC7,CMA,VIOL_CODE,HIST_CODE,DIRECTOR_SW,PROXY_DISCL_CODE,DISCR_TRADING_CODE,OPTN_I_O_CODE,AVG_PRICE,MISC1,MISC2,MISC3,MISC4,MISC5,MISC6,SWEEP_CODE,MMF_INIT_PURCH_SW,CASH_DIV_SW,MMF_CASH_ONLY,MARG_INT_RATE,MARG_INT_CHG,SEGREGATION_SW,CREDIT_INT_CODE,OPTION_LOSS_LIMIT,ERISA_CODE,CRED_INT_NOPOST_SW,FOREIGN_SI1,FOREIGN_SI2,STK_DISCOUNT,BND_DISCOUNT,OPT_DISCOUNT,CONFIRM_COPY,REVERSE_REP,ACAT_TERM_FEE_SW,WITHHOLD_CYMD,LAST_STMT_CYM,MANO,MANOX,RESTRICTION_CYMD,MST_BRKR,COMPANY_MERGE_CODE,RESTRICTION_CODE,NO_JOURNAL_IND,MMF_SCVC_FEE_SW,EXCL_MAIL_LINE1_SW,EXCL_MAIL_LINE2_SW,EXCL_MAIL_LINE3_SW,USE_CODE1_SW,DOWNLOAD_CODE,INST_OVERRIDE_SW,REMIC_CMO_SW,ACCOUNT_DOC_CAT,DOC_TRAN_LVL,PRIME_BROKER_CODE,COLL_LOAN_AC_SW,ACCT_TYPE_IND,TAX_WITHHOLDING_RT,TAX_WITHHOLDING_CD,FAX_PHONE,REST_BALANCE,BAR_CODE,BAR_CODE_CHK,MANAGEMENT_GROUP,REIN_LABEL_SENT_SW,DIVERT_CODE,PREV_PRIN_TRDS_SW,TPA_NUMBER,CAR_RT,PRODUCT_CLASS,CMTA_NO,CHANGE_TERM,DLR_FIRM_NO,DLR_BROKER_NO,LRATE,SELL_COMM,BRATE,BUY_COMM,NSCC_NO,DTC_FBO_CODE,NASDAQ_FIRM_NO,DLR_NASDAQ_SYM,IDCFM,GENERIC_USER_FIELD,NO_CFM_CODE,FLIP_EXCH,CORR_CLEAR,STK_COMM_SCHED,BND_COMM_SCHED,OPT_COMM_SCHED,POSTAGE_AMT,MUNI_CNS_PART,NON_CUSTOMER_SW,NASDAQ_SYM,PURGE_IND,BILL_BYPASS,ORDER_ONLY,IRA_TERM_CYMD,REINVEST_CODE,CASH_DR_OVRD,TERM_REASON,IRS_NAME_LINE1,IRS_NAME_LINE2,NCC_FIRM_NO,ACH_INC,ACH_CR,ACH_DR,OUTSIDE_MMF,REP_B4_ACATS,F121_STATUS_CODE,GSCC_FIRM_NO,GSCC_NO,MBSCC_FIRM_NO,MBSCC_NO,EMP_CLASS_CODE,LAST_REVIEW_CODE,LAST_REVIEW_CYMD,DOC_RESTRICT_CODE,DOC_RESTRICT_CYMD,GROUP_NO,ACT_FORM1,ACT_FORM2,ACT_FORM3,ACT_FORM4,ACT_FORM5,ACT_FORM6,ACT_FORM7,ACT_FORM8,ACT_FORM9,ACT_FORM10,ACT_FORM11,NO_REBATE,ALTERNATE_STATE,CITY_NAME,NAV,NAVR_SW,WRAP_PLAN,MMF_SEC_NO,MMF_SELL_FIRST,ACATS_AUTO_VALID,BRR_ELIGIBLE,REPO_REQUEST,BRANCH,BRANCH_B4_ACATS,REVERSE_BRANCH,DS_EXEMPT_SW,ACCT_STATUS,COMM_OVERRIDE,BOLT_IND,INVESTOR_CODE,IPO_ELIGIBLE,CHANGE_SOURCE,CHANGE_SOURCE_ID,ST_REG_EXEMPT,NO_TRAN_FEE_IND,ACCT_AVG_PRICE_IND,PREVENT_STOCK_LOAN_IND,ACCESS_DELIVER_IND,SOCIAL_CODE,DFLT_CRNCY_TYPE,INST_ACCT_IND,INVESTOR_OPTION_CODE,MGN_TIER_SCHED_CODE,NATURAL_PERSON_CODE,MULTI_CURR_IND,ACT_CMP_RVW_IND,ACT_MST_IND,INTR_SCHED_NUM,METADATA_FILENAME
C,74825005,6,1,AB01,            ,60015,,          ,3,REFINITIV CUSTODIAN FBO,685 TALON TRAIL,TRADITIONAL IRA,641 LOMBARDY LN          ZIPCD,,,HERNANDEZ  JOSE,,,,,,,,IL,  ,  ,  ,, , ,,666556666,,2021-06-10,2024-05-02,4,C,I,R,1,  , , , ,X, , ,I, , ,,I, , , ,X, ,L, , , , , , , , , ,X,X, , , , , ,0,0, , , , ,0.70,0.70,0.70,0,    , ,,,,  ,, ,  , , , , , , , , , , ,0,0, , , ,0.00000, ,,0,0,0,RETL, ,    , ,    ,    ,    ,0,SX68,6,0,0.000,,0.000,,0, ,6,     , ,0, ,0,,1,1,1,6.25, , ,     , , , ,,N, , ,1,0,6, , , , ,    , ,6,0,6,     ,     , ,, ,,0,2,0,0,0,0,0,0,0,0,0,0, ,  ,641 LOMBARDY, , ,      ,9999211,0, , , ,AB  ,    ,    , , , , , , ,DE22001U,$CICST1 , , ,X, , ,  ,0,N, , ,S, , , , ,betaaccess/A56_ACT_20240502
C,74825018,6,1,AB01,            ,60607,,          ,2,KAREN E LAWRENCE TOD,1300 BETSY ROSS CT,10156 W MONROE STREET,CHICAGO IL               ZIPCD,,,LAWRENCE  KAREN,,,,,,,,IL,  ,  ,  ,, , ,,343434343,,2021-04-06,2024-05-02,4,C, , ,1,  , ,X, , , , ,A, , ,, , , , ,X, ,L, , , , , , , , , ,X,X, , , , , ,0,0, , , , ,0.75,0.75,0.75,0,    , ,2021-04-06,,,  ,, ,  , , , , , , , , , , ,0,0, , , ,0.00000, ,,0,0,0,RETL, ,    , ,    ,    ,    ,0,SX68,6,0,0.000,,0.000,,0, ,6,     , ,0, ,0,,1,1,1,6.25, , ,     , , , ,,R, , ,1,0,6, , , , ,    , ,6,0,6,     ,     , ,, ,,0,2,0,0,0,0,0,0,0,0,0,0, ,  ,CHICAGO, , ,      ,9999211,0, , , ,AB  ,    ,    , , , , , , ,DE22001U,$CICST1 , , , , , ,  ,0,N, , ,S, , , , ,betaaccess/A56_ACT_20240502
C,74825021,6,1,AB01,            ,60601,,          ,2,EVERGREEN HEALTH 403B,18145 PRAIRIE FALCON LN,10156 W MONROE STREET,CHICAGO IL               ZIPCD,,,LAWRENCE  KAREN,EVERGREEN HEALTH,LAWRENCE 403B,,,,,,IL,  ,  ,  ,, , ,,343434343,,2021-04-21,2024-05-02,4,C, , ,1,  , ,X, , , , ,S, , ,, , , , ,X, ,L, , , , , , , , , ,X,X, , , , , ,0,0, , , , ,0.75,0.75,0.75,0,    , ,2021-04-21,,,  ,, ,  , , , , , , , , , , ,0,0, , , ,0.00000, ,,0,0,0,RETL, ,    , ,    ,    ,    ,0,SX68,6,0,0.000,,0.000,,0, ,6,     , ,0, ,0,,1,1,1,6.25, , ,     , , , ,,N, , ,2,0,6, , , , ,    , ,6,0,6,     ,     , ,, ,,0,2,0,0,0,0,0,0,0,0,0,0, ,  ,CHICAGO, , ,      ,9999211,0, , , ,AB  ,    ,    , , , , , , ,DE22001U,$CICST1 , , , , , ,  ,0,N, , ,S, , , , ,betaaccess/A56_ACT_20240502
C,74825040,6,1,AB01,            ,60613,,          ,1,BRENTON WATSON,855 MICHAEL DR,CHICAGO IL               ZIPCD,,,,WATSON  BRENTON,,,,,,,,IL,  ,  ,  ,, , ,,147253693,,2021-04-30,2024-05-02,4,C, , ,1,  , ,X, , , , ,A, , ,, , , , ,X, ,L, , , , , , , , , ,X,X, , , , , ,0,0, , , , ,0.00,0.00,0.00,0,    , ,2021-04-30,,,  ,, ,  , , , , , , , , , , ,0,0, , , ,0.00000, ,,0,0,0,RETL, ,    , ,    ,    ,    ,0,SX68,6,0,0.000,,0.000,,0, ,6,     , ,0, ,0,,1,1,1,6.25, , ,     , , , ,,N, , ,1,0,6, , , , ,    , ,6,0,6,     ,     , ,, ,,0,2,0,0,0,0,0,0,0,0,0,0, ,  ,CHICAGO, , ,      ,9999211,0, , , ,AB  ,    ,    , , , , , , ,DE22001U,$CICST1 , , , , , ,  ,0,N, , ,S, , , , ,betaaccess/A56_ACT_20240502
C,75823940,6,1,AB01,            ,,,          ,1,JONATHANY ANDERSON,350 N SUNNY SLOPE RD,BROOKFIELD WI,,,,ANDERSON,,,,,2623498201,,,  ,  ,  ,  ,, , ,,000000000,,2024-05-01,,4,C, , ,1,  , ,R, , , , ,A, ,A,, , , , , , , , , , , , , , , , , , , , , , , ,0,0, , , , ,0.00,0.00,0.00,0,    , ,2024-05-01,,,  ,, ,  , , , , , , , , , , ,0,0, , , ,0.28000,T,,0,0,0,RETL, ,    , ,    ,    ,    ,0,SX68,6,0,0.000,,0.000,,0, ,6,     , ,0, ,0,,1,1,1,6.25, , ,     , , , ,,N, , ,1,0,6, , , , ,    , ,6,0,6,     ,     , ,, ,,0,1,0,0,0,0,0,0,0,0,0,0, ,  ,, , ,      ,0,0, , , ,AB  ,    ,    , , , , , , ,DE22001U,$CICST1 , , , , , ,  ,0,N, , ,S, , , , ,betaaccess/A56_ACT_20240502
C,75823941,6,1,AB01,            ,,,          ,1,JONATHANY ANDERSON,350 N SUNNY SLOPE RD,BROOKFIELD WI,,,,ANDERSON,,,,,2623498201,,,  ,  ,  ,  ,, , ,,000000000,,2024-05-01,,4,C, , ,1,  , ,R, , , , ,A, ,A,, , , , , , , , , , , , , , , , , , , , , , , ,0,0, , , , ,0.00,0.00,0.00,0,    , ,2024-05-01,,,  ,, ,  , , , , , , , , , , ,0,0, , , ,0.28000,T,,0,0,0,RETL, ,    , ,    ,    ,    ,0,SX68,6,0,0.000,,0.000,,0, ,6,     , ,0, ,0,,1,1,1,6.25, , ,     , , , ,,N, , ,1,0,6, , , , ,    , ,6,0,6,     ,     , ,, ,,0,1,0,0,0,0,0,0,0,0,0,0, ,  ,, , ,      ,0,0, , , ,AB  ,    ,    , , , , , , ,DE22001U,$CICST1 , , , , , ,  ,0,N, , ,S, , , , ,betaaccess/A56_ACT_20240502
C,75823942,6,1,AB01,            ,,,          ,1,JONATHANY ANDERSON,350 N SUNNY SLOPE RD,BROOKFIELD WI,,,,ANDERSON,,,,,2623498201,,,  ,  ,  ,  ,, , ,,000000000,,2024-05-01,,4,C, , ,1,  , ,R, , , , ,A, ,A,, , , , , , , , , , , , , , , , , , , , , , , ,0,0, , , , ,0.00,0.00,0.00,0,    , ,2024-05-01,,,  ,, ,  , , , , , , , , , , ,0,0, , , ,0.28000,T,,0,0,0,RETL, ,    , ,    ,    ,    ,0,SX68,6,0,0.000,,0.000,,0, ,6,     , ,0, ,0,,1,1,1,6.25, , ,     , , , ,,N, , ,1,0,6, , , , ,    , ,6,0,6,     ,     , ,, ,,0,1,0,0,0,0,0,0,0,0,0,0, ,  ,, , ,      ,0,0, , , ,AB  ,    ,    , , , , , , ,DE22001U,$CICST1 , , , , , ,  ,0,N, , ,S, , , , ,betaaccess/A56_ACT_20240502
C,75823943,6,1,AB01,            ,,,          ,1,JONATHANY ANDERSON,350 N SUNNY SLOPE RD,BROOKFIELD WI,,,,ANDERSON,,,,,2623498201,,,  ,  ,  ,  ,, , ,,000000000,,2024-05-01,,4,C, , ,1,  , ,R, , , , ,A, ,A,, , , , , , , , , , , , , , , , , , , , , , , ,0,0, , , , ,0.00,0.00,0.00,0,    , ,2024-05-01,,,  ,, ,  , , , , , , , , , , ,0,0, , , ,0.28000,T,,0,0,0,RETL, ,    , ,    ,    ,    ,0,SX68,6,0,0.000,,0.000,,0, ,6,     , ,0, ,0,,1,1,1,6.25, , ,     , , , ,,N, , ,1,0,6, , , , ,    , ,6,0,6,     ,     , ,, ,,0,1,0,0,0,0,0,0,0,0,0,0, ,  ,, , ,      ,0,0, , , ,AB  ,    ,    , , , , , , ,DE22001U,$CICST1 , , , , , ,  ,0,N, , ,S, , , , ,betaaccess/A56_ACT_20240502
C,75823944,6,1,AB01,            ,,,          ,1,JONATHANY ANDERSON,350 N SUNNY SLOPE RD,BROOKFIELD WI,,,,ANDERSON,,,,,2623498201,,,  ,  ,  ,  ,, , ,,000000000,,2024-05-01,,4,C, , ,1,  , ,R, , , , ,A, ,A,, , , , , , , , , , , , , , , , , , , , , , , ,0,0, , , , ,0.00,0.00,0.00,0,    , ,2024-05-01,,,  ,, ,  , , , , , , , , , , ,0,0, , , ,0.28000,T,,0,0,0,RETL, ,    , ,    ,    ,    ,0,SX68,6,0,0.000,,0.000,,0, ,6,     , ,0, ,0,,1,1,1,6.25, , ,     , , , ,,N, , ,1,0,6, , , , ,    , ,6,0,6,     ,     , ,, ,,0,1,0,0,0,0,0,0,0,0,0,0, ,  ,, , ,      ,0,0, , , ,AB  ,    ,    , , , , , , ,DE22001U,$CICST1 , , , , , ,  ,0,N, , ,S, , , , ,betaaccess/A56_ACT_20240502
C,75823945,6,1,AB01,            ,,,          ,1,JONATHANY ANDERSON,350 N SUNNY SLOPE RD,BROOKFIELD WI,,,,ANDERSON,,,,,2623498201,,,  ,  ,  ,  ,, , ,,000000000,,2024-05-01,,4,C, , ,1,  , ,R, , , , ,A, ,A,, , , , , , , , , , , , , , , , , , , , , , , ,0,0, , , , ,0.00,0.00,0.00,0,    , ,2024-05-01,,,  ,, ,  , , , , , , , , , , ,0,0, , , ,0.28000,T,,0,0,0,RETL, ,    , ,    ,    ,    ,0,SX68,6,0,0.000,,0.000,,0, ,6,     , ,0, ,0,,1,1,1,6.25, , ,     , , , ,,N, , ,1,0,6, , , , ,    , ,6,0,6,     ,     , ,, ,,0,1,0,0,0,0,0,0,0,0,0,0, ,  ,, , ,      ,0,0, , , ,AB  ,    ,    , , , , , , ,DE22001U,$CICST1 , , , , , ,  ,0,N, , ,S, , , , ,betaaccess/A56_ACT_20240502
C,75823946,6,1,AB01,            ,,,          ,1,JONATHANY ANDERSON,350 N SUNNY SLOPE RD,BROOKFIELD WI,,,,ANDERSON,,,,,2623498201,,,  ,  ,  ,  ,, , ,,000000000,,2024-05-01,,4,C, , ,1,  , ,R, , , , ,A, ,A,, , , , , , , , , , , , , , , , , , , , , , , ,0,0, , , , ,0.00,0.00,0.00,0,    , ,2024-05-01,,,  ,, ,  , , , , , , , , , , ,0,0, , , ,0.28000,T,,0,0,0,RETL, ,    , ,    ,    ,    ,0,SX68,6,0,0.000,,0.000,,0, ,6,     , ,0, ,0,,1,1,1,6.25, , ,     , , , ,,N, , ,1,0,6, , , , ,    , ,6,0,6,     ,     , ,, ,,0,1,0,0,0,0,0,0,0,0,0,0, ,  ,, , ,      ,0,0, , , ,AB  ,    ,    , , , , , , ,DE22001U,$CICST1 , , , , , ,  ,0,N, , ,S, , , , ,betaaccess/A56_ACT_20240502
C,75823947,6,1,AB01,            ,,,          ,1,JONATHANY ANDERSON,350 N SUNNY SLOPE RD,BROOKFIELD WI,,,,ANDERSON,,,,,2623498201,,,  ,  ,  ,  ,, , ,,000000000,,2024-05-01,,4,C, , ,1,  , ,R, , , , ,A, ,A,, , , , , , , , , , , , , , , , , , , , , , , ,0,0, , , , ,0.00,0.00,0.00,0,    , ,2024-05-01,,,  ,, ,  , , , , , , , , , , ,0,0, , , ,0.28000,T,,0,0,0,RETL, ,    , ,    ,    ,    ,0,SX68,6,0,0.000,,0.000,,0, ,6,     , ,0, ,0,,1,1,1,6.25, , ,     , , , ,,N, , ,1,0,6, , , , ,    , ,6,0,6,     ,     , ,, ,,0,1,0,0,0,0,0,0,0,0,0,0, ,  ,, , ,      ,0,0, , , ,AB  ,    ,    , , , , , , ,DE22001U,$CICST1 , , , , , ,  ,0,N, , ,S, , , , ,betaaccess/A56_ACT_20240502
C,75823948,6,1,AB01,            ,,,          ,1,JONATHANY ANDERSON,350 N SUNNY SLOPE RD,BROOKFIELD WI,,,,ANDERSON,,,,,2623498201,,,  ,  ,  ,  ,, , ,,000000000,,2024-05-01,,4,C, , ,1,  , ,R, , , , ,A, ,A,, , , , , , , , , , , , , , , , , , , , , , , ,0,0, , , , ,0.00,0.00,0.00,0,    , ,2024-05-01,,,  ,, ,  , , , , , , , , , , ,0,0, , , ,0.28000,T,,0,0,0,RETL, ,    , ,    ,    ,    ,0,SX68,6,0,0.000,,0.000,,0, ,6,     , ,0, ,0,,1,1,1,6.25, , ,     , , , ,,N, , ,1,0,6, , , , ,    , ,6,0,6,     ,     , ,, ,,0,1,0,0,0,0,0,0,0,0,0,0, ,  ,, , ,      ,0,0, , , ,AB  ,    ,    , , , , , , ,DE22001U,$CICST1 , , , , , ,  ,0,N, , ,S, , , , ,betaaccess/A56_ACT_20240502
C,75823949,6,1,AB01,            ,,,          ,1,JONATHANY ANDERSON,350 N SUNNY SLOPE RD,BROOKFIELD WI,,,,ANDERSON,,,,,2623498201,,,  ,  ,  ,  ,, , ,,000000000,,2024-05-01,,4,C, , ,1,  , ,R, , , , ,A, ,A,, , , , , , , , , , , , , , , , , , , , , , , ,0,0, , , , ,0.00,0.00,0.00,0,    , ,2024-05-01,,,  ,, ,  , , , , , , , , , , ,0,0, , , ,0.28000,T,,0,0,0,RETL, ,    , ,    ,    ,    ,0,SX68,6,0,0.000,,0.000,,0, ,6,     , ,0, ,0,,1,1,1,6.25, , ,     , , , ,,N, , ,1,0,6, , , , ,    , ,6,0,6,     ,     , ,, ,,0,1,0,0,0,0,0,0,0,0,0,0, ,  ,, , ,      ,0,0, , , ,AB  ,    ,    , , , , , , ,DE22001U,$CICST1 , , , , , ,  ,0,N, , ,S, , , , ,betaaccess/A56_ACT_20240502
A,75823950,6,1,AB01,            ,,,          ,1,JONATHANY ANDERSON,350 N SUNNY SLOPE RD,BROOKFIELD WI,,,,ANDERSON,,,,,2623498201,,,  ,  ,  ,  ,, , ,,000000000,,2024-05-02,,4,C, , ,1,  , ,R, , , , ,A, ,A,, , , , , , , , , , , , , , , , , , , , , , , ,0,0, , , , ,0.00,0.00,0.00,0,    , ,2024-05-02,,,  ,, ,  , , , , , , , , , , ,0,0, , , ,0.00000, ,,0,0,0,RETL, ,    , ,    ,    ,    ,0,SX68,6,0,0.000,,0.000,,0, ,6,     , ,0, ,0,,1,1,1,6.25, , ,     , , , ,,N, , ,1,0,6, , , , ,    , ,6,0,6,     ,     , ,, ,,0,1,0,0,0,0,0,0,0,0,0,0, ,  ,, , ,      ,0,0, , , ,AB  ,    ,    , , , , , , ,DE22001U,$CICST1 , , , , , ,  ,0,N, , ,S, , , , ,betaaccess/A56_ACT_20240502
A,75823951,6,1,AB01,            ,,,          ,1,JONATHANY ANDERSON,350 N SUNNY SLOPE RD,BROOKFIELD WI,,,,ANDERSON,,,,,2623498201,,,  ,  ,  ,  ,, , ,,000000000,,2024-05-02,,4,C, , ,1,  , ,R, , , , ,A, ,A,, , , , , , , , , , , , , , , , , , , , , , , ,0,0, , , , ,0.00,0.00,0.00,0,    , ,2024-05-02,,,  ,, ,  , , , , , , , , , , ,0,0, , , ,0.00000, ,,0,0,0,RETL, ,    , ,    ,    ,    ,0,SX68,6,0,0.000,,0.000,,0, ,6,     , ,0, ,0,,1,1,1,6.25, , ,     , , , ,,N, , ,1,0,6, , , , ,    , ,6,0,6,     ,     , ,, ,,0,1,0,0,0,0,0,0,0,0,0,0, ,  ,, , ,      ,0,0, , , ,AB  ,    ,    , , , , , , ,DE22001U,$CICST1 , , , , , ,  ,0,N, , ,S, , , , ,betaaccess/A56_ACT_20240502
A,75823952,6,1,AB01,            ,,,          ,1,JONATHANY ANDERSON,350 N SUNNY SLOPE RD,BROOKFIELD WI,,,,ANDERSON,,,,,2623498201,,,  ,  ,  ,  ,, , ,,000000000,,2024-05-02,,4,C, , ,1,  , ,R, , , , ,A, ,A,, , , , , , , , , , , , , , , , , , , , , , , ,0,0, , , , ,0.00,0.00,0.00,0,    , ,2024-05-02,,,  ,, ,  , , , , , , , , , , ,0,0, , , ,0.00000, ,,0,0,0,RETL, ,    , ,    ,    ,    ,0,SX68,6,0,0.000,,0.000,,0, ,6,     , ,0, ,0,,1,1,1,6.25, , ,     , , , ,,N, , ,1,0,6, , , , ,    , ,6,0,6,     ,     , ,, ,,0,1,0,0,0,0,0,0,0,0,0,0, ,  ,, , ,      ,0,0, , , ,AB  ,    ,    , , , , , , ,DE22001U,$CICST1 , , , , , ,  ,0,N, , ,S, , , , ,betaaccess/A56_ACT_20240502
A,75823953,6,1,AB01,            ,,,          ,1,JONATHANY ANDERSON,350 N SUNNY SLOPE RD,BROOKFIELD WI,,,,ANDERSON,,,,,2623498201,,,  ,  ,  ,  ,, , ,,000000000,,2024-05-02,,4,C, , ,1,  , ,R, , , , ,A, ,A,, , , , , , , , , , , , , , , , , , , , , , , ,0,0, , , , ,0.00,0.00,0.00,0,    , ,2024-05-02,,,  ,, ,  , , , , , , , , , , ,0,0, , , ,0.00000, ,,0,0,0,RETL, ,    , ,    ,    ,    ,0,SX68,6,0,0.000,,0.000,,0, ,6,     , ,0, ,0,,1,1,1,6.25, , ,     , , , ,,N, , ,1,0,6, , , , ,    , ,6,0,6,     ,     , ,, ,,0,1,0,0,0,0,0,0,0,0,0,0, ,  ,, , ,      ,0,0, , , ,AB  ,    ,    , , , , , , ,DE22001U,$CICST1 , , , , , ,  ,0,N, , ,S, , , , ,betaaccess/A56_ACT_20240502
A,75823954,6,1,AB01,            ,,,          ,1,JONATHANY ANDERSON,350 N SUNNY SLOPE RD,BROOKFIELD WI,,,,ANDERSON,,,,,2623498201,,,  ,  ,  ,  ,, , ,,000000000,,2024-05-02,,4,C, , ,1,  , ,R, , , , ,A, ,A,, , , , , , , , , , , , , , , , , , , , , , , ,0,0, , , , ,0.00,0.00,0.00,0,    , ,2024-05-02,,,  ,, ,  , , , , , , , , , , ,0,0, , , ,0.00000, ,,0,0,0,RETL, ,    , ,    ,    ,    ,0,SX68,6,0,0.000,,0.000,,0, ,6,     , ,0, ,0,,1,1,1,6.25, , ,     , , , ,,N, , ,1,0,6, , , , ,    , ,6,0,6,     ,     , ,, ,,0,1,0,0,0,0,0,0,0,0,0,0, ,  ,, , ,      ,0,0, , , ,AB  ,    ,    , , , , , , ,DE22001U,$CICST1 , , , , , ,  ,0,N, , ,S, , , , ,betaaccess/A56_ACT_20240502
A,75823955,6,1,AB01,            ,,,          ,1,JONATHANY ANDERSON,350 N SUNNY SLOPE RD,BROOKFIELD WI,,,,ANDERSON,,,,,2623498201,,,  ,  ,  ,  ,, , ,,000000000,,2024-05-02,,4,C, , ,1,  , ,R, , , , ,A, ,A,, , , , , , , , , , , , , , , , , , , , , , , ,0,0, , , , ,0.00,0.00,0.00,0,    , ,2024-05-02,,,  ,, ,  , , , , , , , , , , ,0,0, , , ,0.00000, ,,0,0,0,RETL, ,    , ,    ,    ,    ,0,SX68,6,0,0.000,,0.000,,0, ,6,     , ,0, ,0,,1,1,1,6.25, , ,     , , , ,,N, , ,1,0,6, , , , ,    , ,6,0,6,     ,     , ,, ,,0,1,0,0,0,0,0,0,0,0,0,0, ,  ,, , ,      ,0,0, , , ,AB  ,    ,    , , , , , , ,DE22001U,$CICST1 , , , , , ,  ,0,N, , ,S, , , , ,betaaccess/A56_ACT_20240502
A,75823956,6,1,AB01,            ,,,          ,1,JONATHANY ANDERSON,350 N SUNNY SLOPE RD,BROOKFIELD WI,,,,ANDERSON,,,,,2623498201,,,  ,  ,  ,  ,, , ,,000000000,,2024-05-02,,4,C, , ,1,  , ,R, , , , ,A, ,A,, , , , , , , , , , , , , , , , , , , , , , , ,0,0, , , , ,0.00,0.00,0.00,0,    , ,2024-05-02,,,  ,, ,  , , , , , , , , , , ,0,0, , , ,0.00000, ,,0,0,0,RETL, ,    , ,    ,    ,    ,0,SX68,6,0,0.000,,0.000,,0, ,6,     , ,0, ,0,,1,1,1,6.25, , ,     , , , ,,N, , ,1,0,6, , , , ,    , ,6,0,6,     ,     , ,, ,,0,1,0,0,0,0,0,0,0,0,0,0, ,  ,, , ,      ,0,0, , , ,AB  ,    ,    , , , , , , ,DE22001U,$CICST1 , , , , , ,  ,0,N, , ,S, , , , ,betaaccess/A56_ACT_20240502
A,75823957,6,1,AB01,            ,,,          ,1,JONATHANY ANDERSON,350 N SUNNY SLOPE RD,BROOKFIELD WI,,,,ANDERSON,,,,,2623498201,,,  ,  ,  ,  ,, , ,,000000000,,2024-05-02,,4,C, , ,1,  , ,R, , , , ,A, ,A,, , , , , , , , , , , , , , , , , , , , , , , ,0,0, , , , ,0.00,0.00,0.00,0,    , ,2024-05-02,,,  ,, ,  , , , , , , , , , , ,0,0, , , ,0.00000, ,,0,0,0,RETL, ,    , ,    ,    ,    ,0,SX68,6,0,0.000,,0.000,,0, ,6,     , ,0, ,0,,1,1,1,6.25, , ,     , , , ,,N, , ,1,0,6, , , , ,    , ,6,0,6,     ,     , ,, ,,0,1,0,0,0,0,0,0,0,0,0,0, ,  ,, , ,      ,0,0, , , ,AB  ,    ,    , , , , , , ,DE22001U,$CICST1 , , , , , ,  ,0,N, , ,S, , , , ,betaaccess/A56_ACT_20240502
A,75823958,6,1,AB01,            ,,,          ,1,JONATHANY ANDERSON,350 N SUNNY SLOPE RD,BROOKFIELD WI,,,,ANDERSON,,,,,2623498201,,,  ,  ,  ,  ,, , ,,000000000,,2024-05-02,,4,C, , ,1,  , ,R, , , , ,A, ,A,, , , , , , , , , , , , , , , , , , , , , , , ,0,0, , , , ,0.00,0.00,0.00,0,    , ,2024-05-02,,,  ,, ,  , , , , , , , , , , ,0,0, , , ,0.00000, ,,0,0,0,RETL, ,    , ,    ,    ,    ,0,SX68,6,0,0.000,,0.000,,0, ,6,     , ,0, ,0,,1,1,1,6.25, , ,     , , , ,,N, , ,1,0,6, , , , ,    , ,6,0,6,     ,     , ,, ,,0,1,0,0,0,0,0,0,0,0,0,0, ,  ,, , ,      ,0,0, , , ,AB  ,    ,    , , , , , , ,DE22001U,$CICST1 , , , , , ,  ,0,N, , ,S, , , , ,betaaccess/A56_ACT_20240502
A,75823959,6,1,AB01,            ,,,          ,1,JONATHANY ANDERSON,350 N SUNNY SLOPE RD,BROOKFIELD WI,,,,ANDERSON,,,,,2623498201,,,  ,  ,  ,  ,, , ,,000000000,,2024-05-02,,4,C, , ,1,  , ,R, , , , ,A, ,A,, , , , , , , , , , , , , , , , , , , , , , , ,0,0, , , , ,0.00,0.00,0.00,0,    , ,2024-05-02,,,  ,, ,  , , , , , , , , , , ,0,0, , , ,0.00000, ,,0,0,0,RETL, ,    , ,    ,    ,    ,0,SX68,6,0,0.000,,0.000,,0, ,6,     , ,0, ,0,,1,1,1,6.25, , ,     , , , ,,N, , ,1,0,6, , , , ,    , ,6,0,6,     ,     , ,, ,,0,1,0,0,0,0,0,0,0,0,0,0, ,  ,, , ,      ,0,0, , , ,AB  ,    ,    , , , , , , ,DE22001U,$CICST1 , , , , , ,  ,0,N, , ,S, , , , ,betaaccess/A56_ACT_20240502
C,74825008,6,1,AB01,            ,60613,,          ,1,BRENTON WATSON TOD,685 TALON TRAIL,CHICAGO IL               ZIPCD,,,,WATSON  BRENTON,,,,,,,,IL,  ,  ,  ,, , ,,123453693,,2021-10-07,2024-04-29,4,C, , ,1,  , ,X, , , , ,A, , ,, , , , ,X, ,L, , , , , , , , , ,X,X, , , , , ,0,0, , , , ,0.50,0.50,0.50,0,    , ,2021-10-07,,,  ,, ,  , , , , , , , , , , ,0,0, , , ,0.00000, ,,0,0,0,RETL, ,    , ,    ,    ,    ,0,SX68,6,0,0.000,,0.000,,0, ,6,     , ,0, ,0,,1,1,1,6.25, , ,     , , , ,,N, , ,1,0,6, , , , ,    , ,6,0,6,     ,     , ,, ,,0,2,0,0,0,0,0,0,0,0,0,0, ,  ,CHICAGO, , ,      ,9999211,0, , , ,AB  ,    ,    , , , , , , ,DE22001U,$CICST1 , , , , , ,  ,0,N, , ,S, , , , ,betaaccess/A56_ACT_20240429
C,74825022,6,1,AB01,            ,60607,,          ,2,EVERGREEN HEALTH 403B FBO,965 TOWER HILL DR,10156 W MONROE STREET,CHICAGO IL               ZIPCD,,,LAWRENCE  KAREN,EVERGREEN HEALTH,LAWRENCE 403B,,,,,,IL,  ,  ,  ,, , ,,343434343,,2021-04-21,2024-04-29,4,C, , ,1,  , ,X, , , , ,X, , ,, , , , ,X, ,L, , , , , , , , , ,X,X, , , , , ,0,0, , , , ,0.75,0.75,0.75,0,    , ,2021-04-21,,,  ,, ,  , , , , , , , , , , ,0,0, , , ,0.00000, ,,0,0,0,RETL, ,    , ,    ,    ,    ,0,SX68,6,0,0.000,,0.000,,0, ,6,     , ,0, ,0,,1,1,1,6.25, , ,     , , , ,,N, , ,2,0,6, , , , ,    , ,6,0,6,     ,     , ,, ,,0,2,0,0,0,0,0,0,0,0,0,0, ,  ,CHICAGO, , ,      ,9999211,0, , , ,AB  ,    ,    , , , , , , ,DE22001U,$CICST1 , , , , , ,  ,0,N, , ,S, , , , ,betaaccess/A56_ACT_20240429
C,74825050,6,1,AB01,            ,60613,,          ,2,GABBY JACKSON,945 FOXKIRK DR,SKOKIE IL                ZIPCD,,,,JACKSON  GABBY,,,,,,,,IL,  ,  ,  ,, , ,,141114111,,2021-04-30,2024-04-29,4,C, , ,1,  , ,X, , , , ,A, , ,, , , , ,X, ,L, , , , , , , , , ,X,X, , , , , ,0,0, , , , ,0.00,0.00,0.00,0,    , ,2021-04-30,,,  ,, ,  , , , , , , , , , , ,0,0, , , ,0.00000, ,,0,0,0,RETL, ,    , ,    ,    ,    ,0,SX68,6,0,0.000,,0.000,,0, ,6,     , ,0, ,0,,1,1,1,6.25, , ,     , , , ,,N, , ,1,0,6, , , , ,    , ,6,0,6,     ,     , ,, ,,0,2,0,0,0,0,0,0,0,0,0,0, ,  ,SKOKIE, , ,      ,9999211,0, , , ,AB  ,    ,    , , , , , , ,DE22001U,$CICST1 , , , , , ,  ,0,N, , ,S, , , , ,betaaccess/A56_ACT_20240429
C,74829014,6,1,AB01,            ,53051,,          ,3,REFINITIV CUSTODIAN FBO,960 APPLE TREE LN,TRADITIONAL IRA,N172W7950 SHADY LANE,MENOMONEE FALLS WI       ZIPCD,,MCMILLAN  JOSHUA,,,,,,,,WI,  ,  ,  ,, , ,,444555555,,2021-06-10,2024-04-29,4,C,I,R,1,  , ,X, , , , ,I, , ,, , , , ,X, ,L, , , , , , , , , ,X,X, , , , , ,0,0, , , , ,0.65,0.65,0.65,0,    , ,2021-06-10,,,  ,, ,  , , , , , , , , , , ,0,0, , , ,0.00000, ,,0,0,0,RETL, ,    , ,    ,    ,    ,0,SX68,6,0,0.000,,0.000,,0, ,6,     , ,0, ,0,,1,1,1,6.25, , ,     , , , ,,R, , ,2,0,6, , , , ,    , ,6,0,6,     ,     , ,, ,,0,2,0,0,0,0,0,0,0,0,0,0, ,  ,MENOMONEE FALLS, , ,      ,9999211,0, , , ,AB  ,    ,    , , , , , , ,DE22001U,$CICST1 , , ,X, , ,  ,0,N, , ,S, , , , ,betaaccess/A56_ACT_20240429
C,75823451,6,1,AB01,            ,,,          ,1,JONATHANY ANDERSON,855 MICHAEL DR,BROOKFIELD WI,,,,ANDERSON,,,,,2623498201,,,  ,  ,  ,  ,, , ,,000000000,,2024-02-21,2024-04-29,4,C, , ,1,  ,X,R, , , , ,A, ,A,, , , , , , , , , , , , , , , , , , , , , , , ,0,0, , , , ,0.00,0.00,0.00,0,    , ,2024-02-21,,,  ,, ,  , , , , , , , , , , ,0,0, , , ,0.28000,T,,0,0,0,RETL, ,    , ,    ,    ,    ,0,SX68,6,0,0.000,,0.000,,0, ,6,     , ,0, ,0,,1,1,1,6.25, , ,     , , , ,,N, , ,1,0,6, , , , ,    , ,6,0,6,     ,     , ,, ,,0,1,0,0,0,0,0,0,0,0,0,0, ,  ,, , ,      ,0,0, , , ,AB  ,    ,    , , , , , , ,DE22001U,$CICST1 , , , , , ,  ,0,N, , ,S, , , , ,betaaccess/A56_ACT_20240429
C,75823930,6,1,AB01,            ,,,          ,1,JONATHANY ANDERSON,350 N SUNNY SLOPE RD,BROOKFIELD WI,,,,ANDERSON,,,,,2623498201,,,  ,  ,  ,  ,, , ,,000000000,,2024-04-26,,4,C, , ,1,  , ,R, , , , ,A, ,A,, , , , , , , , , , , , , , , , , , , , , , , ,0,0, , , , ,0.00,0.00,0.00,0,    , ,2024-04-26,,,  ,, ,  , , , , , , , , , , ,0,0, , , ,0.28000,T,,0,0,0,RETL, ,    , ,    ,    ,    ,0,SX68,6,0,0.000,,0.000,,0, ,6,     , ,0, ,0,,1,1,1,6.25, , ,     , , , ,,N, , ,1,0,6, , , , ,    , ,6,0,6,     ,     , ,, ,,0,1,0,0,0,0,0,0,0,0,0,0, ,  ,, , ,      ,0,0, , , ,AB  ,    ,    , , , , , , ,DE22001U,$CICST1 , , , , , ,  ,0,N, , ,S, , , , ,betaaccess/A56_ACT_20240429
C,75823931,6,1,AB01,            ,,,          ,1,JONATHANY ANDERSON,350 N SUNNY SLOPE RD,BROOKFIELD WI,,,,ANDERSON,,,,,2623498201,,,  ,  ,  ,  ,, , ,,000000000,,2024-04-26,,4,C, , ,1,  , ,R, , , , ,A, ,A,, , , , , , , , , , , , , , , , , , , , , , , ,0,0, , , , ,0.00,0.00,0.00,0,    , ,2024-04-26,,,  ,, ,  , , , , , , , , , , ,0,0, , , ,0.28000,T,,0,0,0,RETL, ,    , ,    ,    ,    ,0,SX68,6,0,0.000,,0.000,,0, ,6,     , ,0, ,0,,1,1,1,6.25, , ,     , , , ,,N, , ,1,0,6, , , , ,    , ,6,0,6,     ,     , ,, ,,0,1,0,0,0,0,0,0,0,0,0,0, ,  ,, , ,      ,0,0, , , ,AB  ,    ,    , , , , , , ,DE22001U,$CICST1 , , , , , ,  ,0,N, , ,S, , , , ,betaaccess/A56_ACT_20240429
C,75823932,6,1,AB01,            ,,,          ,1,JONATHANY ANDERSON,350 N SUNNY SLOPE RD,BROOKFIELD WI,,,,ANDERSON,,,,,2623498201,,,  ,  ,  ,  ,, , ,,000000000,,2024-04-26,,4,C, , ,1,  , ,R, , , , ,A, ,A,, , , , , , , , , , , , , , , , , , , , , , , ,0,0, , , , ,0.00,0.00,0.00,0,    , ,2024-04-26,,,  ,, ,  , , , , , , , , , , ,0,0, , , ,0.28000,T,,0,0,0,RETL, ,    , ,    ,    ,    ,0,SX68,6,0,0.000,,0.000,,0, ,6,     , ,0, ,0,,1,1,1,6.25, , ,     , , , ,,N, , ,1,0,6, , , , ,    , ,6,0,6,     ,     , ,, ,,0,1,0,0,0,0,0,0,0,0,0,0, ,  ,, , ,      ,0,0, , , ,AB  ,    ,    , , , , , , ,DE22001U,$CICST1 , , , , , ,  ,0,N, , ,S, , , , ,betaaccess/A56_ACT_20240429
C,75823933,6,1,AB01,            ,,,          ,1,JONATHANY ANDERSON,350 N SUNNY SLOPE RD,BROOKFIELD WI,,,,ANDERSON,,,,,2623498201,,,  ,  ,  ,  ,, , ,,000000000,,2024-04-26,,4,C, , ,1,  , ,R, , , , ,A, ,A,, , , , , , , , , , , , , , , , , , , , , , , ,0,0, , , , ,0.00,0.00,0.00,0,    , ,2024-04-26,,,  ,, ,  , , , , , , , , , , ,0,0, , , ,0.28000,T,,0,0,0,RETL, ,    , ,    ,    ,    ,0,SX68,6,0,0.000,,0.000,,0, ,6,     , ,0, ,0,,1,1,1,6.25, , ,     , , , ,,N, , ,1,0,6, , , , ,    , ,6,0,6,     ,     , ,, ,,0,1,0,0,0,0,0,0,0,0,0,0, ,  ,, , ,      ,0,0, , , ,AB  ,    ,    , , , , , , ,DE22001U,$CICST1 , , , , , ,  ,0,N, , ,S, , , , ,betaaccess/A56_ACT_20240429
C,75823934,6,1,AB01,            ,,,          ,1,JONATHANY ANDERSON,350 N SUNNY SLOPE RD,BROOKFIELD WI,,,,ANDERSON,,,,,2623498201,,,  ,  ,  ,  ,, , ,,000000000,,2024-04-26,,4,C, , ,1,  , ,R, , , , ,A, ,A,, , , , , , , , , , , , , , , , , , , , , , , ,0,0, , , , ,0.00,0.00,0.00,0,    , ,2024-04-26,,,  ,, ,  , , , , , , , , , , ,0,0, , , ,0.28000,T,,0,0,0,RETL, ,    , ,    ,    ,    ,0,SX68,6,0,0.000,,0.000,,0, ,6,     , ,0, ,0,,1,1,1,6.25, , ,     , , , ,,N, , ,1,0,6, , , , ,    , ,6,0,6,     ,     , ,, ,,0,1,0,0,0,0,0,0,0,0,0,0, ,  ,, , ,      ,0,0, , , ,AB  ,    ,    , , , , , , ,DE22001U,$CICST1 , , , , , ,  ,0,N, , ,S, , , , ,betaaccess/A56_ACT_20240429
C,75823935,6,1,AB01,            ,,,          ,1,JONATHANY ANDERSON,350 N SUNNY SLOPE RD,BROOKFIELD WI,,,,ANDERSON,,,,,2623498201,,,  ,  ,  ,  ,, , ,,000000000,,2024-04-26,,4,C, , ,1,  , ,R, , , , ,A, ,A,, , , , , , , , , , , , , , , , , , , , , , , ,0,0, , , , ,0.00,0.00,0.00,0,    , ,2024-04-26,,,  ,, ,  , , , , , , , , , , ,0,0, , , ,0.28000,T,,0,0,0,RETL, ,    , ,    ,    ,    ,0,SX68,6,0,0.000,,0.000,,0, ,6,     , ,0, ,0,,1,1,1,6.25, , ,     , , , ,,N, , ,1,0,6, , , , ,    , ,6,0,6,     ,     , ,, ,,0,1,0,0,0,0,0,0,0,0,0,0, ,  ,, , ,      ,0,0, , , ,AB  ,    ,    , , , , , , ,DE22001U,$CICST1 , , , , , ,  ,0,N, , ,S, , , , ,betaaccess/A56_ACT_20240429
C,75823936,6,1,AB01,            ,,,          ,1,JONATHANY ANDERSON,350 N SUNNY SLOPE RD,BROOKFIELD WI,,,,ANDERSON,,,,,2623498201,,,  ,  ,  ,  ,, , ,,000000000,,2024-04-26,,4,C, , ,1,  , ,R, , , , ,A, ,A,, , , , , , , , , , , , , , , , , , , , , , , ,0,0, , , , ,0.00,0.00,0.00,0,    , ,2024-04-26,,,  ,, ,  , , , , , , , , , , ,0,0, , , ,0.28000,T,,0,0,0,RETL, ,    , ,    ,    ,    ,0,SX68,6,0,0.000,,0.000,,0, ,6,     , ,0, ,0,,1,1,1,6.25, , ,     , , , ,,N, , ,1,0,6, , , , ,    , ,6,0,6,     ,     , ,, ,,0,1,0,0,0,0,0,0,0,0,0,0, ,  ,, , ,      ,0,0, , , ,AB  ,    ,    , , , , , , ,DE22001U,$CICST1 , , , , , ,  ,0,N, , ,S, , , , ,betaaccess/A56_ACT_20240429
C,75823937,6,1,AB01,            ,,,          ,1,JONATHANY ANDERSON,350 N SUNNY SLOPE RD,BROOKFIELD WI,,,,ANDERSON,,,,,2623498201,,,  ,  ,  ,  ,, , ,,000000000,,2024-04-26,,4,C, , ,1,  , ,R, , , , ,A, ,A,, , , , , , , , , , , , , , , , , , , , , , , ,0,0, , , , ,0.00,0.00,0.00,0,    , ,2024-04-26,,,  ,, ,  , , , , , , , , , , ,0,0, , , ,0.28000,T,,0,0,0,RETL, ,    , ,    ,    ,    ,0,SX68,6,0,0.000,,0.000,,0, ,6,     , ,0, ,0,,1,1,1,6.25, , ,     , , , ,,N, , ,1,0,6, , , , ,    , ,6,0,6,     ,     , ,, ,,0,1,0,0,0,0,0,0,0,0,0,0, ,  ,, , ,      ,0,0, , , ,AB  ,    ,    , , , , , , ,DE22001U,$CICST1 , , , , , ,  ,0,N, , ,S, , , , ,betaaccess/A56_ACT_20240429
C,75823938,6,1,AB01,            ,,,          ,1,JONATHANY ANDERSON,350 N SUNNY SLOPE RD,BROOKFIELD WI,,,,ANDERSON,,,,,2623498201,,,  ,  ,  ,  ,, , ,,000000000,,2024-04-26,,4,C, , ,1,  , ,R, , , , ,A, ,A,, , , , , , , , , , , , , , , , , , , , , , , ,0,0, , , , ,0.00,0.00,0.00,0,    , ,2024-04-26,,,  ,, ,  , , , , , , , , , , ,0,0, , , ,0.28000,T,,0,0,0,RETL, ,    , ,    ,    ,    ,0,SX68,6,0,0.000,,0.000,,0, ,6,     , ,0, ,0,,1,1,1,6.25, , ,     , , , ,,N, , ,1,0,6, , , , ,    , ,6,0,6,     ,     , ,, ,,0,1,0,0,0,0,0,0,0,0,0,0, ,  ,, , ,      ,0,0, , , ,AB  ,    ,    , , , , , , ,DE22001U,$CICST1 , , , , , ,  ,0,N, , ,S, , , , ,betaaccess/A56_ACT_20240429
C,75823939,6,1,AB01,            ,,,          ,1,JONATHANY ANDERSON,350 N SUNNY SLOPE RD,BROOKFIELD WI,,,,ANDERSON,,,,,2623498201,,,  ,  ,  ,  ,, , ,,000000000,,2024-04-26,,4,C, , ,1,  , ,R, , , , ,A, ,A,, , , , , , , , , , , , , , , , , , , , , , , ,0,0, , , , ,0.00,0.00,0.00,0,    , ,2024-04-26,,,  ,, ,  , , , , , , , , , , ,0,0, , , ,0.28000,T,,0,0,0,RETL, ,    , ,    ,    ,    ,0,SX68,6,0,0.000,,0.000,,0, ,6,     , ,0, ,0,,1,1,1,6.25, , ,     , , , ,,N, , ,1,0,6, , , , ,    , ,6,0,6,     ,     , ,, ,,0,1,0,0,0,0,0,0,0,0,0,0, ,  ,, , ,      ,0,0, , , ,AB  ,    ,    , , , , , , ,DE22001U,$CICST1 , , , , , ,  ,0,N, , ,S, , , , ,betaaccess/A56_ACT_20240429
C,74825014,6,1,AB01,            ,60613,,          ,2,GABBY JACKSON TOD,19100 BAYTHORN WAY,SKOKIE IL                ZIPCD,,,,JACKSON  GABBY,TOD,,,,,,,IL,  ,  ,  ,, , ,,141114111,,2021-04-19,2024-04-26,4,C, , ,1,  , ,X, , , , ,A, , ,, , , , ,X, ,L, , , , , , , , , ,X,X, , , , , ,0,0, , , , ,0.00,0.00,0.00,0,    , ,2021-04-19,,,  ,, ,  , , , , , , , , , , ,0,0, , , ,0.00000, ,,0,0,0,RETL, ,    , ,    ,    ,    ,0,SX68,6,0,0.000,,0.000,,0, ,6,     , ,0, ,0,,1,1,1,6.25, , ,     , , , ,,N, , ,1,0,6, , , , ,    , ,6,0,6,     ,     , ,, ,,0,2,0,0,0,0,0,0,0,0,0,0, ,  ,SKOKIE, , ,      ,9999211,0, , , ,AB  ,    ,    , , , , , , ,DE22001U,$CICST1 , , , , , ,  ,0,N, , ,S, , , , ,betaaccess/A56_ACT_20240426
C,74825015,6,1,AB01,            ,60613,,          ,2,LYDIA WATSON MINOR ROTH IRA,940 TANGLEWOOD DR,550 MADISON STREET,SKOKIE IL                ZIPCD,,,WATSON  LYDIA,JACKSON  FRAN,,,,,,,IL,  ,  ,  ,, , ,,252225222,,2021-04-19,2024-04-26,4,C,I,R,1,  , ,X, , , , ,I, , ,, , , , ,X, ,L, , , , , , , , , ,X,X, , , , , ,0,0, , , , ,0.00,0.00,0.00,0,    , ,2021-04-19,,,  ,, ,  , , , , , , , , , , ,0,0, , , ,0.00000, ,,0,0,0,RETL, ,    , ,    ,    ,    ,0,SX68,6,0,0.000,,0.000,,0, ,6,     , ,0, ,0,,1,1,1,6.25, , ,     , , , ,,N, , ,2,0,6, , , , ,    , ,6,0,6,     ,     , ,, ,,0,2,0,0,0,0,0,0,0,0,0,0, ,  ,SKOKIE, , ,      ,9999211,0, , , ,AB  ,    ,    , , , , , , ,DE22001U,$CICST1 , , , , , ,  ,0,N, , ,S, , , , ,betaaccess/A56_ACT_20240426
C,74825020,6,1,AB01,            ,60607,,          ,3,CW AGILE LLC,985 LOIS AVE,FBO ANTOINE LAWRENCE,10156 W MONROE STREET,CHICAGO IL               ZIPCD,,LAWRENCE  LAWRENCE,CW AGILE,LAWRENCE PROFIT SHAR,,,,,,IL,  ,  ,  ,, , ,,434344343,,2021-04-21,2024-04-26,4,C, , ,1,  , ,X, , , , ,S, , ,, , , , ,X, ,L, , , , , , , , , ,X,X, , , , , ,0,0, , , , ,0.00,0.00,0.00,0,    , ,2021-04-21,,,  ,, ,  , , , , , , , , , , ,0,0, , , ,0.00000, ,,0,0,0,RETL, ,    , ,    ,    ,    ,0,SX68,6,0,0.000,,0.000,,0, ,6,     , ,0, ,0,,1,1,1,6.25, , ,     , , , ,,N, , ,3,0,6, , , , ,    , ,6,0,6,     ,     , ,, ,,0,2,0,0,0,0,0,0,0,0,0,0, ,  ,CHICAGO, , ,      ,9999211,0, , , ,AB  ,    ,    , , , , , , ,DE22001U,$CICST1 , , , , , ,  ,0,N, , ,S, , , , ,betaaccess/A56_ACT_20240426
C,74825050,6,1,AB01,            ,60613,,          ,2,GABBY JACKSON,18210 KESTREL CT,SKOKIE IL                ZIPCD,,,,JACKSON  GABBY,,,,,,,,IL,  ,  ,  ,, , ,,141114111,,2021-04-30,2024-04-26,4,C, , ,1,  , ,X, , , , ,A, , ,, , , , ,X, ,L, , , , , , , , , ,X,X, , , , , ,0,0, , , , ,0.00,0.00,0.00,0,    , ,2021-04-30,,,  ,, ,  , , , , , , , , , , ,0,0, , , ,0.00000, ,,0,0,0,RETL, ,    , ,    ,    ,    ,0,SX68,6,0,0.000,,0.000,,0, ,6,     , ,0, ,0,,1,1,1,6.25, , ,     , , , ,,N, , ,1,0,6, , , , ,    , ,6,0,6,     ,     , ,, ,,0,2,0,0,0,0,0,0,0,0,0,0, ,  ,SKOKIE, , ,      ,9999211,0, , , ,AB  ,    ,    , , , , , , ,DE22001U,$CICST1 , , , , , ,  ,0,N, , ,S, , , , ,betaaccess/A56_ACT_20240426
C,74827000,6,1,AB01,            ,53005,4846,          ,1,PRACTICE 360,1045 POST RD,"BROOKFIELD, WI           ZIPCD",,,,ANDERSON  TIM,,,,,2627892822,2627892822,2627892822,WI,  ,  ,  ,, , ,,999997000,,2020-08-26,2024-04-26,4,C, , ,1,  , ,X, , , , ,A, , ,, , , , ,X, , , , , , , , , , , , , , , , , , ,0,0, , , , ,0.00,0.00,0.00,0,    , ,2020-08-26,,,  ,, ,  , , , , , , , , , , ,0,0, , , ,0.00000, ,2627892822,0,0,0,RETL, ,    , ,    ,    ,    ,0,SX68,6,0,0.000,,0.000,,0, ,6,     , ,0, ,0,,1,1,1,6.25, , ,     , , , ,,N, , ,1,0,6, , , , ,    , ,6,0,6,     ,     , ,, ,,0,2,0,0,0,0,0,0,0,0,0,0, ,  ,"BROOKFIELD,", , ,      ,0,0, , , ,AB  ,    ,    , , , , , , ,DE22001U,$CICST1 , , , , , ,  ,0,N, , ,S, , ,, ,betaaccess/A56_ACT_20240426
C,75823920,6,1,AB01,            ,,,          ,1,JONATHANY ANDERSON,350 N SUNNY SLOPE RD,BROOKFIELD WI,,,,ANDERSON,,,,,2623498201,,,  ,  ,  ,  ,, , ,,000000000,,2024-04-25,,4,C, , ,1,  , ,R, , , , ,A, ,A,, , , , , , , , , , , , , , , , , , , , , , , ,0,0, , , , ,0.00,0.00,0.00,0,    , ,2024-04-25,,,  ,, ,  , , , , , , , , , , ,0,0, , , ,0.28000,T,,0,0,0,RETL, ,    , ,    ,    ,    ,0,SX68,6,0,0.000,,0.000,,0, ,6,     , ,0, ,0,,1,1,1,6.25, , ,     , , , ,,N, , ,1,0,6, , , , ,    , ,6,0,6,     ,     , ,, ,,0,1,0,0,0,0,0,0,0,0,0,0, ,  ,, , ,      ,0,0, , , ,AB  ,    ,    , , , , , , ,DE22001U,$CICST1 , , , , , ,  ,0,N, , ,S, , , , ,betaaccess/A56_ACT_20240426
C,75823921,6,1,AB01,            ,,,          ,1,JONATHANY ANDERSON,350 N SUNNY SLOPE RD,BROOKFIELD WI,,,,ANDERSON,,,,,2623498201,,,  ,  ,  ,  ,, , ,,000000000,,2024-04-25,,4,C, , ,1,  , ,R, , , , ,A, ,A,, , , , , , , , , , , , , , , , , , , , , , , ,0,0, , , , ,0.00,0.00,0.00,0,    , ,2024-04-25,,,  ,, ,  , , , , , , , , , , ,0,0, , , ,0.28000,T,,0,0,0,RETL, ,    , ,    ,    ,    ,0,SX68,6,0,0.000,,0.000,,0, ,6,     , ,0, ,0,,1,1,1,6.25, , ,     , , , ,,N, , ,1,0,6, , , , ,    , ,6,0,6,     ,     , ,, ,,0,1,0,0,0,0,0,0,0,0,0,0, ,  ,, , ,      ,0,0, , , ,AB  ,    ,    , , , , , , ,DE22001U,$CICST1 , , , , , ,  ,0,N, , ,S, , , , ,betaaccess/A56_ACT_20240426
C,75823922,6,1,AB01,            ,,,          ,1,JONATHANY ANDERSON,350 N SUNNY SLOPE RD,BROOKFIELD WI,,,,ANDERSON,,,,,2623498201,,,  ,  ,  ,  ,, , ,,000000000,,2024-04-25,,4,C, , ,1,  , ,R, , , , ,A, ,A,, , , , , , , , , , , , , , , , , , , , , , , ,0,0, , , , ,0.00,0.00,0.00,0,    , ,2024-04-25,,,  ,, ,  , , , , , , , , , , ,0,0, , , ,0.28000,T,,0,0,0,RETL, ,    , ,    ,    ,    ,0,SX68,6,0,0.000,,0.000,,0, ,6,     , ,0, ,0,,1,1,1,6.25, , ,     , , , ,,N, , ,1,0,6, , , , ,    , ,6,0,6,     ,     , ,, ,,0,1,0,0,0,0,0,0,0,0,0,0, ,  ,, , ,      ,0,0, , , ,AB  ,    ,    , , , , , , ,DE22001U,$CICST1 , , , , , ,  ,0,N, , ,S, , , , ,betaaccess/A56_ACT_20240426
C,75823923,6,1,AB01,            ,,,          ,1,JONATHANY ANDERSON,350 N SUNNY SLOPE RD,BROOKFIELD WI,,,,ANDERSON,,,,,2623498201,,,  ,  ,  ,  ,, , ,,000000000,,2024-04-25,,4,C, , ,1,  , ,R, , , , ,A, ,A,, , , , , , , , , , , , , , , , , , , , , , , ,0,0, , , , ,0.00,0.00,0.00,0,    , ,2024-04-25,,,  ,, ,  , , , , , , , , , , ,0,0, , , ,0.28000,T,,0,0,0,RETL, ,    , ,    ,    ,    ,0,SX68,6,0,0.000,,0.000,,0, ,6,     , ,0, ,0,,1,1,1,6.25, , ,     , , , ,,N, , ,1,0,6, , , , ,    , ,6,0,6,     ,     , ,, ,,0,1,0,0,0,0,0,0,0,0,0,0, ,  ,, , ,      ,0,0, , , ,AB  ,    ,    , , , , , , ,DE22001U,$CICST1 , , , , , ,  ,0,N, , ,S, , , , ,betaaccess/A56_ACT_20240426
C,75823924,6,1,AB01,            ,,,          ,1,JONATHANY ANDERSON,350 N SUNNY SLOPE RD,BROOKFIELD WI,,,,ANDERSON,,,,,2623498201,,,  ,  ,  ,  ,, , ,,000000000,,2024-04-25,,4,C, , ,1,  , ,R, , , , ,A, ,A,, , , , , , , , , , , , , , , , , , , , , , , ,0,0, , , , ,0.00,0.00,0.00,0,    , ,2024-04-25,,,  ,, ,  , , , , , , , , , , ,0,0, , , ,0.28000,T,,0,0,0,RETL, ,    , ,    ,    ,    ,0,SX68,6,0,0.000,,0.000,,0, ,6,     , ,0, ,0,,1,1,1,6.25, , ,     , , , ,,N, , ,1,0,6, , , , ,    , ,6,0,6,     ,     , ,, ,,0,1,0,0,0,0,0,0,0,0,0,0, ,  ,, , ,      ,0,0, , , ,AB  ,    ,    , , , , , , ,DE22001U,$CICST1 , , , , , ,  ,0,N, , ,S, , , , ,betaaccess/A56_ACT_20240426
C,75823925,6,1,AB01,            ,,,          ,1,JONATHANY ANDERSON,350 N SUNNY SLOPE RD,BROOKFIELD WI,,,,ANDERSON,,,,,2623498201,,,  ,  ,  ,  ,, , ,,000000000,,2024-04-25,,4,C, , ,1,  , ,R, , , , ,A, ,A,, , , , , , , , , , , , , , , , , , , , , , , ,0,0, , , , ,0.00,0.00,0.00,0,    , ,2024-04-25,,,  ,, ,  , , , , , , , , , , ,0,0, , , ,0.28000,T,,0,0,0,RETL, ,    , ,    ,    ,    ,0,SX68,6,0,0.000,,0.000,,0, ,6,     , ,0, ,0,,1,1,1,6.25, , ,     , , , ,,N, , ,1,0,6, , , , ,    , ,6,0,6,     ,     , ,, ,,0,1,0,0,0,0,0,0,0,0,0,0, ,  ,, , ,      ,0,0, , , ,AB  ,    ,    , , , , , , ,DE22001U,$CICST1 , , , , , ,  ,0,N, , ,S, , , , ,betaaccess/A56_ACT_20240426
C,75823926,6,1,AB01,            ,,,          ,1,JONATHANY ANDERSON,350 N SUNNY SLOPE RD,BROOKFIELD WI,,,,ANDERSON,,,,,2623498201,,,  ,  ,  ,  ,, , ,,000000000,,2024-04-25,,4,C, , ,1,  , ,R, , , , ,A, ,A,, , , , , , , , , , , , , , , , , , , , , , , ,0,0, , , , ,0.00,0.00,0.00,0,    , ,2024-04-25,,,  ,, ,  , , , , , , , , , , ,0,0, , , ,0.28000,T,,0,0,0,RETL, ,    , ,    ,    ,    ,0,SX68,6,0,0.000,,0.000,,0, ,6,     , ,0, ,0,,1,1,1,6.25, , ,     , , , ,,N, , ,1,0,6, , , , ,    , ,6,0,6,     ,     , ,, ,,0,1,0,0,0,0,0,0,0,0,0,0, ,  ,, , ,      ,0,0, , , ,AB  ,    ,    , , , , , , ,DE22001U,$CICST1 , , , , , ,  ,0,N, , ,S, , , , ,betaaccess/A56_ACT_20240426
C,75823927,6,1,AB01,            ,,,          ,1,JONATHANY ANDERSON,350 N SUNNY SLOPE RD,BROOKFIELD WI,,,,ANDERSON,,,,,2623498201,,,  ,  ,  ,  ,, , ,,000000000,,2024-04-25,,4,C, , ,1,  , ,R, , , , ,A, ,A,, , , , , , , , , , , , , , , , , , , , , , , ,0,0, , , , ,0.00,0.00,0.00,0,    , ,2024-04-25,,,  ,, ,  , , , , , , , , , , ,0,0, , , ,0.28000,T,,0,0,0,RETL, ,    , ,    ,    ,    ,0,SX68,6,0,0.000,,0.000,,0, ,6,     , ,0, ,0,,1,1,1,6.25, , ,     , , , ,,N, , ,1,0,6, , , , ,    , ,6,0,6,     ,     , ,, ,,0,1,0,0,0,0,0,0,0,0,0,0, ,  ,, , ,      ,0,0, , , ,AB  ,    ,    , , , , , , ,DE22001U,$CICST1 , , , , , ,  ,0,N, , ,S, , , , ,betaaccess/A56_ACT_20240426
C,75823928,6,1,AB01,            ,,,          ,1,JONATHANY ANDERSON,350 N SUNNY SLOPE RD,BROOKFIELD WI,,,,ANDERSON,,,,,2623498201,,,  ,  ,  ,  ,, , ,,000000000,,2024-04-25,,4,C, , ,1,  , ,R, , , , ,A, ,A,, , , , , , , , , , , , , , , , , , , , , , , ,0,0, , , , ,0.00,0.00,0.00,0,    , ,2024-04-25,,,  ,, ,  , , , , , , , , , , ,0,0, , , ,0.28000,T,,0,0,0,RETL, ,    , ,    ,    ,    ,0,SX68,6,0,0.000,,0.000,,0, ,6,     , ,0, ,0,,1,1,1,6.25, , ,     , , , ,,N, , ,1,0,6, , , , ,    , ,6,0,6,     ,     , ,, ,,0,1,0,0,0,0,0,0,0,0,0,0, ,  ,, , ,      ,0,0, , , ,AB  ,    ,    , , , , , , ,DE22001U,$CICST1 , , , , , ,  ,0,N, , ,S, , , , ,betaaccess/A56_ACT_20240426
C,75823929,6,1,AB01,            ,,,          ,1,JONATHANY ANDERSON,350 N SUNNY SLOPE RD,BROOKFIELD WI,,,,ANDERSON,,,,,2623498201,,,  ,  ,  ,  ,, , ,,000000000,,2024-04-25,,4,C, , ,1,  , ,R, , , , ,A, ,A,, , , , , , , , , , , , , , , , , , , , , , , ,0,0, , , , ,0.00,0.00,0.00,0,    , ,2024-04-25,,,  ,, ,  , , , , , , , , , , ,0,0, , , ,0.28000,T,,0,0,0,RETL, ,    , ,    ,    ,    ,0,SX68,6,0,0.000,,0.000,,0, ,6,     , ,0, ,0,,1,1,1,6.25, , ,     , , , ,,N, , ,1,0,6, , , , ,    , ,6,0,6,     ,     , ,, ,,0,1,0,0,0,0,0,0,0,0,0,0, ,  ,, , ,      ,0,0, , , ,AB  ,    ,    , , , , , , ,DE22001U,$CICST1 , , , , , ,  ,0,N, , ,S, , , , ,betaaccess/A56_ACT_20240426
A,75823930,6,1,AB01,            ,,,          ,1,JONATHANY ANDERSON,350 N SUNNY SLOPE RD,BROOKFIELD WI,,,,ANDERSON,,,,,2623498201,,,  ,  ,  ,  ,, , ,,000000000,,2024-04-26,,4,C, , ,1,  , ,R, , , , ,A, ,A,, , , , , , , , , , , , , , , , , , , , , , , ,0,0, , , , ,0.00,0.00,0.00,0,    , ,2024-04-26,,,  ,, ,  , , , , , , , , , , ,0,0, , , ,0.00000, ,,0,0,0,RETL, ,    , ,    ,    ,    ,0,SX68,6,0,0.000,,0.000,,0, ,6,     , ,0, ,0,,1,1,1,6.25, , ,     , , , ,,N, , ,1,0,6, , , , ,    , ,6,0,6,     ,     , ,, ,,0,1,0,0,0,0,0,0,0,0,0,0, ,  ,, , ,      ,0,0, , , ,AB  ,    ,    , , , , , , ,DE22001U,$CICST1 , , , , , ,  ,0,N, , ,S, , , , ,betaaccess/A56_ACT_20240426
A,75823931,6,1,AB01,            ,,,          ,1,JONATHANY ANDERSON,350 N SUNNY SLOPE RD,BROOKFIELD WI,,,,ANDERSON,,,,,2623498201,,,  ,  ,  ,  ,, , ,,000000000,,2024-04-26,,4,C, , ,1,  , ,R, , , , ,A, ,A,, , , , , , , , , , , , , , , , , , , , , , , ,0,0, , , , ,0.00,0.00,0.00,0,    , ,2024-04-26,,,  ,, ,  , , , , , , , , , , ,0,0, , , ,0.00000, ,,0,0,0,RETL, ,    , ,    ,    ,    ,0,SX68,6,0,0.000,,0.000,,0, ,6,     , ,0, ,0,,1,1,1,6.25, , ,     , , , ,,N, , ,1,0,6, , , , ,    , ,6,0,6,     ,     , ,, ,,0,1,0,0,0,0,0,0,0,0,0,0, ,  ,, , ,      ,0,0, , , ,AB  ,    ,    , , , , , , ,DE22001U,$CICST1 , , , , , ,  ,0,N, , ,S, , , , ,betaaccess/A56_ACT_20240426
A,75823932,6,1,AB01,            ,,,          ,1,JONATHANY ANDERSON,350 N SUNNY SLOPE RD,BROOKFIELD WI,,,,ANDERSON,,,,,2623498201,,,  ,  ,  ,  ,, , ,,000000000,,2024-04-26,,4,C, , ,1,  , ,R, , , , ,A, ,A,, , , , , , , , , , , , , , , , , , , , , , , ,0,0, , , , ,0.00,0.00,0.00,0,    , ,2024-04-26,,,  ,, ,  , , , , , , , , , , ,0,0, , , ,0.00000, ,,0,0,0,RETL, ,    , ,    ,    ,    ,0,SX68,6,0,0.000,,0.000,,0, ,6,     , ,0, ,0,,1,1,1,6.25, , ,     , , , ,,N, , ,1,0,6, , , , ,    , ,6,0,6,     ,     , ,, ,,0,1,0,0,0,0,0,0,0,0,0,0, ,  ,, , ,      ,0,0, , , ,AB  ,    ,    , , , , , , ,DE22001U,$CICST1 , , , , , ,  ,0,N, , ,S, , , , ,betaaccess/A56_ACT_20240426
A,75823933,6,1,AB01,            ,,,          ,1,JONATHANY ANDERSON,350 N SUNNY SLOPE RD,BROOKFIELD WI,,,,ANDERSON,,,,,2623498201,,,  ,  ,  ,  ,, , ,,000000000,,2024-04-26,,4,C, , ,1,  , ,R, , , , ,A, ,A,, , , , , , , , , , , , , , , , , , , , , , , ,0,0, , , , ,0.00,0.00,0.00,0,    , ,2024-04-26,,,  ,, ,  , , , , , , , , , , ,0,0, , , ,0.00000, ,,0,0,0,RETL, ,    , ,    ,    ,    ,0,SX68,6,0,0.000,,0.000,,0, ,6,     , ,0, ,0,,1,1,1,6.25, , ,     , , , ,,N, , ,1,0,6, , , , ,    , ,6,0,6,     ,     , ,, ,,0,1,0,0,0,0,0,0,0,0,0,0, ,  ,, , ,      ,0,0, , , ,AB  ,    ,    , , , , , , ,DE22001U,$CICST1 , , , , , ,  ,0,N, , ,S, , , , ,betaaccess/A56_ACT_20240426
A,75823934,6,1,AB01,            ,,,          ,1,JONATHANY ANDERSON,350 N SUNNY SLOPE RD,BROOKFIELD WI,,,,ANDERSON,,,,,2623498201,,,  ,  ,  ,  ,, , ,,000000000,,2024-04-26,,4,C, , ,1,  , ,R, , , , ,A, ,A,, , , , , , , , , , , , , , , , , , , , , , , ,0,0, , , , ,0.00,0.00,0.00,0,    , ,2024-04-26,,,  ,, ,  , , , , , , , , , , ,0,0, , , ,0.00000, ,,0,0,0,RETL, ,    , ,    ,    ,    ,0,SX68,6,0,0.000,,0.000,,0, ,6,     , ,0, ,0,,1,1,1,6.25, , ,     , , , ,,N, , ,1,0,6, , , , ,    , ,6,0,6,     ,     , ,, ,,0,1,0,0,0,0,0,0,0,0,0,0, ,  ,, , ,      ,0,0, , , ,AB  ,    ,    , , , , , , ,DE22001U,$CICST1 , , , , , ,  ,0,N, , ,S, , , , ,betaaccess/A56_ACT_20240426
A,75823935,6,1,AB01,            ,,,          ,1,JONATHANY ANDERSON,350 N SUNNY SLOPE RD,BROOKFIELD WI,,,,ANDERSON,,,,,2623498201,,,  ,  ,  ,  ,, , ,,000000000,,2024-04-26,,4,C, , ,1,  , ,R, , , , ,A, ,A,, , , , , , , , , , , , , , , , , , , , , , , ,0,0, , , , ,0.00,0.00,0.00,0,    , ,2024-04-26,,,  ,, ,  , , , , , , , , , , ,0,0, , , ,0.00000, ,,0,0,0,RETL, ,    , ,    ,    ,    ,0,SX68,6,0,0.000,,0.000,,0, ,6,     , ,0, ,0,,1,1,1,6.25, , ,     , , , ,,N, , ,1,0,6, , , , ,    , ,6,0,6,     ,     , ,, ,,0,1,0,0,0,0,0,0,0,0,0,0, ,  ,, , ,      ,0,0, , , ,AB  ,    ,    , , , , , , ,DE22001U,$CICST1 , , , , , ,  ,0,N, , ,S, , , , ,betaaccess/A56_ACT_20240426
A,75823936,6,1,AB01,            ,,,          ,1,JONATHANY ANDERSON,350 N SUNNY SLOPE RD,BROOKFIELD WI,,,,ANDERSON,,,,,2623498201,,,  ,  ,  ,  ,, , ,,000000000,,2024-04-26,,4,C, , ,1,  , ,R, , , , ,A, ,A,, , , , , , , , , , , , , , , , , , , , , , , ,0,0, , , , ,0.00,0.00,0.00,0,    , ,2024-04-26,,,  ,, ,  , , , , , , , , , , ,0,0, , , ,0.00000, ,,0,0,0,RETL, ,    , ,    ,    ,    ,0,SX68,6,0,0.000,,0.000,,0, ,6,     , ,0, ,0,,1,1,1,6.25, , ,     , , , ,,N, , ,1,0,6, , , , ,    , ,6,0,6,     ,     , ,, ,,0,1,0,0,0,0,0,0,0,0,0,0, ,  ,, , ,      ,0,0, , , ,AB  ,    ,    , , , , , , ,DE22001U,$CICST1 , , , , , ,  ,0,N, , ,S, , , , ,betaaccess/A56_ACT_20240426
A,75823937,6,1,AB01,            ,,,          ,1,JONATHANY ANDERSON,350 N SUNNY SLOPE RD,BROOKFIELD WI,,,,ANDERSON,,,,,2623498201,,,  ,  ,  ,  ,, , ,,000000000,,2024-04-26,,4,C, , ,1,  , ,R, , , , ,A, ,A,, , , , , , , , , , , , , , , , , , , , , , , ,0,0, , , , ,0.00,0.00,0.00,0,    , ,2024-04-26,,,  ,, ,  , , , , , , , , , , ,0,0, , , ,0.00000, ,,0,0,0,RETL, ,    , ,    ,    ,    ,0,SX68,6,0,0.000,,0.000,,0, ,6,     , ,0, ,0,,1,1,1,6.25, , ,     , , , ,,N, , ,1,0,6, , , , ,    , ,6,0,6,     ,     , ,, ,,0,1,0,0,0,0,0,0,0,0,0,0, ,  ,, , ,      ,0,0, , , ,AB  ,    ,    , , , , , , ,DE22001U,$CICST1 , , , , , ,  ,0,N, , ,S, , , , ,betaaccess/A56_ACT_20240426
A,75823938,6,1,AB01,            ,,,          ,1,JONATHANY ANDERSON,350 N SUNNY SLOPE RD,BROOKFIELD WI,,,,ANDERSON,,,,,2623498201,,,  ,  ,  ,  ,, , ,,000000000,,2024-04-26,,4,C, , ,1,  , ,R, , , , ,A, ,A,, , , , , , , , , , , , , , , , , , , , , , , ,0,0, , , , ,0.00,0.00,0.00,0,    , ,2024-04-26,,,  ,, ,  , , , , , , , , , , ,0,0, , , ,0.00000, ,,0,0,0,RETL, ,    , ,    ,    ,    ,0,SX68,6,0,0.000,,0.000,,0, ,6,     , ,0, ,0,,1,1,1,6.25, , ,     , , , ,,N, , ,1,0,6, , , , ,    , ,6,0,6,     ,     , ,, ,,0,1,0,0,0,0,0,0,0,0,0,0, ,  ,, , ,      ,0,0, , , ,AB  ,    ,    , , , , , , ,DE22001U,$CICST1 , , , , , ,  ,0,N, , ,S, , , , ,betaaccess/A56_ACT_20240426
A,75823939,6,1,AB01,            ,,,          ,1,JONATHANY ANDERSON,350 N SUNNY SLOPE RD,BROOKFIELD WI,,,,ANDERSON,,,,,2623498201,,,  ,  ,  ,  ,, , ,,000000000,,2024-04-26,,4,C, , ,1,  , ,R, , , , ,A, ,A,, , , , , , , , , , , , , , , , , , , , , , , ,0,0, , , , ,0.00,0.00,0.00,0,    , ,2024-04-26,,,  ,, ,  , , , , , , , , , , ,0,0, , , ,0.00000, ,,0,0,0,RETL, ,    , ,    ,    ,    ,0,SX68,6,0,0.000,,0.000,,0, ,6,     , ,0, ,0,,1,1,1,6.25, , ,     , , , ,,N, , ,1,0,6, , , , ,    , ,6,0,6,     ,     , ,, ,,0,1,0,0,0,0,0,0,0,0,0,0, ,  ,, , ,      ,0,0, , , ,AB  ,    ,    , , , , , , ,DE22001U,$CICST1 , , , , , ,  ,0,N, , ,S, , , , ,betaaccess/A56_ACT_20240426
C,74825008,6,1,AB01,            ,60613,,          ,1,BRENTON WATSON TOD,600 HAWKS RIDGE RD,CHICAGO IL               ZIPCD,,,,WATSON  BRENTON,,,,,,,,IL,  ,  ,  ,, , ,,123453693,,2021-10-07,2024-04-25,4,C, , ,1,  , ,X, , , , ,A, , ,, , , , ,X, ,L, , , , , , , , , ,X,X, , , , , ,0,0, , , , ,0.50,0.50,0.50,0,    , ,2021-10-07,,,  ,, ,  , , , , , , , , , , ,0,0, , , ,0.00000, ,,0,0,0,RETL, ,    , ,    ,    ,    ,0,SX68,6,0,0.000,,0.000,,0, ,6,     , ,0, ,0,,1,1,1,6.25, , ,     , , , ,,N, , ,1,0,6, , , , ,    , ,6,0,6,     ,     , ,, ,,0,2,0,0,0,0,0,0,0,0,0,0, ,  ,CHICAGO, , ,      ,9999211,0, , , ,AB  ,    ,    , , , , , , ,DE22001U,$CICST1 , , , , , ,  ,0,N, , ,S, , , , ,betaaccess/A56_ACT_20240425
C,74825015,6,1,AB01,            ,60613,,          ,2,LYDIA WATSON MINOR ROTH IRA,19390 MISTY MOUNTAIN PKWY,550 MADISON STREET,SKOKIE IL                ZIPCD,,,WATSON  LYDIA,JACKSON  FRAN,,,,,,,IL,  ,  ,  ,, , ,,252225222,,2021-04-19,2024-04-25,4,C,I,R,1,  , ,X, , , , ,I, , ,, , , , ,X, ,L, , , , , , , , , ,X,X, , , , , ,0,0, , , , ,0.00,0.00,0.00,0,    , ,2021-04-19,,,  ,, ,  , , , , , , , , , , ,0,0, , , ,0.00000, ,,0,0,0,RETL, ,    , ,    ,    ,    ,0,SX68,6,0,0.000,,0.000,,0, ,6,     , ,0, ,0,,1,1,1,6.25, , ,     , , , ,,N, , ,2,0,6, , , , ,    , ,6,0,6,     ,     , ,, ,,0,2,0,0,0,0,0,0,0,0,0,0, ,  ,SKOKIE, , ,      ,9999211,0, , , ,AB  ,    ,    , , , , , , ,DE22001U,$CICST1 , , , , , ,  ,0,N, , ,S, , , , ,betaaccess/A56_ACT_20240425
C,74825018,6,1,AB01,            ,60607,,          ,2,KAREN E LAWRENCE TOD,1425 COMMERCE AVE,10156 W MONROE STREET,CHICAGO IL               ZIPCD,,,LAWRENCE  KAREN,,,,,,,,IL,  ,  ,  ,, , ,,343434343,,2021-04-06,2024-04-25,4,C, , ,1,  , ,X, , , , ,A, , ,, , , , ,X, ,L, , , , , , , , , ,X,X, , , , , ,0,0, , , , ,0.75,0.75,0.75,0,    , ,2021-04-06,,,  ,, ,  , , , , , , , , , , ,0,0, , , ,0.00000, ,,0,0,0,RETL, ,    , ,    ,    ,    ,0,SX68,6,0,0.000,,0.000,,0, ,6,     , ,0, ,0,,1,1,1,6.25, , ,     , , , ,,R, , ,1,0,6, , , , ,    , ,6,0,6,     ,     , ,, ,,0,2,0,0,0,0,0,0,0,0,0,0, ,  ,CHICAGO, , ,      ,9999211,0, , , ,AB  ,    ,    , , , , , , ,DE22001U,$CICST1 , , , , , ,  ,0,N, , ,S, , , , ,betaaccess/A56_ACT_20240425
C,74826001,6,1,AB01,            ,55987,,          ,2,RFV MANAGEMENT CUST FBO,19815 BRAMPTON CT,1710 MONROE STREET,WINONA MN                ZIPCD,,,FRITZ  VALERIE  IRA,,,,,,,,MN,  ,  ,  ,, , ,,999887777,,2021-05-11,2024-04-25,4,C,I,R,1,  , , , ,X, , ,I, , ,,I, , , ,X, ,L, , , , , , , , , ,X,X, , , , , ,0,0, , , , ,0.75,0.75,0.75,0,    , ,,,,  ,, ,  , , , , , , , , , , ,0,0, , , ,0.00000, ,,0,0,0,RETL, ,    , ,    ,    ,    ,0,SX68,6,0,0.000,,0.000,,0, ,6,     , ,0, ,0,,1,1,1,6.25, , ,     , , , ,,R, , ,2,0,6, , , , ,    , ,6,0,6,     ,     , ,, ,,0,2,0,0,0,0,0,0,0,0,0,0, ,  ,WINONA, , ,      ,9999211,0, , , ,AB  ,    ,    , , , , , , ,DE22001U,$CICST1 , , , , , ,  ,0,N, , ,S, , , , ,betaaccess/A56_ACT_20240425
C,75823910,6,1,AB01,            ,,,          ,1,JONATHANY ANDERSON,350 N SUNNY SLOPE RD,BROOKFIELD WI,,,,ANDERSON,,,,,2623498201,,,  ,  ,  ,  ,, , ,,000000000,,2024-04-24,,4,C, , ,1,  , ,R, , , , ,A, ,A,, , , , , , , , , , , , , , , , , , , , , , , ,0,0, , , , ,0.00,0.00,0.00,0,    , ,2024-04-24,,,  ,, ,  , , , , , , , , , , ,0,0, , , ,0.28000,T,,0,0,0,RETL, ,    , ,    ,    ,    ,0,SX68,6,0,0.000,,0.000,,0, ,6,     , ,0, ,0,,1,1,1,6.25, , ,     , , , ,,N, , ,1,0,6, , , , ,    , ,6,0,6,     ,     , ,, ,,0,1,0,0,0,0,0,0,0,0,0,0, ,  ,, , ,      ,0,0, , , ,AB  ,    ,    , , , , , , ,DE22001U,$CICST1 , , , , , ,  ,0,N, , ,S, , , , ,betaaccess/A56_ACT_20240425
C,75823911,6,1,AB01,            ,,,          ,1,JONATHANY ANDERSON,350 N SUNNY SLOPE RD,BROOKFIELD WI,,,,ANDERSON,,,,,2623498201,,,  ,  ,  ,  ,, , ,,000000000,,2024-04-24,,4,C, , ,1,  , ,R, , , , ,A, ,A,, , , , , , , , , , , , , , , , , , , , , , , ,0,0, , , , ,0.00,0.00,0.00,0,    , ,2024-04-24,,,  ,, ,  , , , , , , , , , , ,0,0, , , ,0.28000,T,,0,0,0,RETL, ,    , ,    ,    ,    ,0,SX68,6,0,0.000,,0.000,,0, ,6,     , ,0, ,0,,1,1,1,6.25, , ,     , , , ,,N, , ,1,0,6, , , , ,    , ,6,0,6,     ,     , ,, ,,0,1,0,0,0,0,0,0,0,0,0,0, ,  ,, , ,      ,0,0, , , ,AB  ,    ,    , , , , , , ,DE22001U,$CICST1 , , , , , ,  ,0,N, , ,S, , , , ,betaaccess/A56_ACT_20240425
C,75823912,6,1,AB01,            ,,,          ,1,JONATHANY ANDERSON,350 N SUNNY SLOPE RD,BROOKFIELD WI,,,,ANDERSON,,,,,2623498201,,,  ,  ,  ,  ,, , ,,000000000,,2024-04-24,,4,C, , ,1,  , ,R, , , , ,A, ,A,, , , , , , , , , , , , , , , , , , , , , , , ,0,0, , , , ,0.00,0.00,0.00,0,    , ,2024-04-24,,,  ,, ,  , , , , , , , , , , ,0,0, , , ,0.28000,T,,0,0,0,RETL, ,    , ,    ,    ,    ,0,SX68,6,0,0.000,,0.000,,0, ,6,     , ,0, ,0,,1,1,1,6.25, , ,     , , , ,,N, , ,1,0,6, , , , ,    , ,6,0,6,     ,     , ,, ,,0,1,0,0,0,0,0,0,0,0,0,0, ,  ,, , ,      ,0,0, , , ,AB  ,    ,    , , , , , , ,DE22001U,$CICST1 , , , , , ,  ,0,N, , ,S, , , , ,betaaccess/A56_ACT_20240425
C,75823913,6,1,AB01,            ,,,          ,1,JONATHANY ANDERSON,350 N SUNNY SLOPE RD,BROOKFIELD WI,,,,ANDERSON,,,,,2623498201,,,  ,  ,  ,  ,, , ,,000000000,,2024-04-24,,4,C, , ,1,  , ,R, , , , ,A, ,A,, , , , , , , , , , , , , , , , , , , , , , , ,0,0, , , , ,0.00,0.00,0.00,0,    , ,2024-04-24,,,  ,, ,  , , , , , , , , , , ,0,0, , , ,0.28000,T,,0,0,0,RETL, ,    , ,    ,    ,    ,0,SX68,6,0,0.000,,0.000,,0, ,6,     , ,0, ,0,,1,1,1,6.25, , ,     , , , ,,N, , ,1,0,6, , , , ,    , ,6,0,6,     ,     , ,, ,,0,1,0,0,0,0,0,0,0,0,0,0, ,  ,, , ,      ,0,0, , , ,AB  ,    ,    , , , , , , ,DE22001U,$CICST1 , , , , , ,  ,0,N, , ,S, , , , ,betaaccess/A56_ACT_20240425
C,75823914,6,1,AB01,            ,,,          ,1,JONATHANY ANDERSON,350 N SUNNY SLOPE RD,BROOKFIELD WI,,,,ANDERSON,,,,,2623498201,,,  ,  ,  ,  ,, , ,,000000000,,2024-04-24,,4,C, , ,1,  , ,R, , , , ,A, ,A,, , , , , , , , , , , , , , , , , , , , , , , ,0,0, , , , ,0.00,0.00,0.00,0,    , ,2024-04-24,,,  ,, ,  , , , , , , , , , , ,0,0, , , ,0.28000,T,,0,0,0,RETL, ,    , ,    ,    ,    ,0,SX68,6,0,0.000,,0.000,,0, ,6,     , ,0, ,0,,1,1,1,6.25, , ,     , , , ,,N, , ,1,0,6, , , , ,    , ,6,0,6,     ,     , ,, ,,0,1,0,0,0,0,0,0,0,0,0,0, ,  ,, , ,      ,0,0, , , ,AB  ,    ,    , , , , , , ,DE22001U,$CICST1 , , , , , ,  ,0,N, , ,S, , , , ,betaaccess/A56_ACT_20240425
C,75823915,6,1,AB01,            ,,,          ,1,JONATHANY ANDERSON,350 N SUNNY SLOPE RD,BROOKFIELD WI,,,,ANDERSON,,,,,2623498201,,,  ,  ,  ,  ,, , ,,000000000,,2024-04-24,,4,C, , ,1,  , ,R, , , , ,A, ,A,, , , , , , , , , , , , , , , , , , , , , , , ,0,0, , , , ,0.00,0.00,0.00,0,    , ,2024-04-24,,,  ,, ,  , , , , , , , , , , ,0,0, , , ,0.28000,T,,0,0,0,RETL, ,    , ,    ,    ,    ,0,SX68,6,0,0.000,,0.000,,0, ,6,     , ,0, ,0,,1,1,1,6.25, , ,     , , , ,,N, , ,1,0,6, , , , ,    , ,6,0,6,     ,     , ,, ,,0,1,0,0,0,0,0,0,0,0,0,0, ,  ,, , ,      ,0,0, , , ,AB  ,    ,    , , , , , , ,DE22001U,$CICST1 , , , , , ,  ,0,N, , ,S, , , , ,betaaccess/A56_ACT_20240425
C,75823916,6,1,AB01,            ,,,          ,1,JONATHANY ANDERSON,350 N SUNNY SLOPE RD,BROOKFIELD WI,,,,ANDERSON,,,,,2623498201,,,  ,  ,  ,  ,, , ,,000000000,,2024-04-24,,4,C, , ,1,  , ,R, , , , ,A, ,A,, , , , , , , , , , , , , , , , , , , , , , , ,0,0, , , , ,0.00,0.00,0.00,0,    , ,2024-04-24,,,  ,, ,  , , , , , , , , , , ,0,0, , , ,0.28000,T,,0,0,0,RETL, ,    , ,    ,    ,    ,0,SX68,6,0,0.000,,0.000,,0, ,6,     , ,0, ,0,,1,1,1,6.25, , ,     , , , ,,N, , ,1,0,6, , , , ,    , ,6,0,6,     ,     , ,, ,,0,1,0,0,0,0,0,0,0,0,0,0, ,  ,, , ,      ,0,0, , , ,AB  ,    ,    , , , , , , ,DE22001U,$CICST1 , , , , , ,  ,0,N, , ,S, , , , ,betaaccess/A56_ACT_20240425
C,75823917,6,1,AB01,            ,,,          ,1,JONATHANY ANDERSON,350 N SUNNY SLOPE RD,BROOKFIELD WI,,,,ANDERSON,,,,,2623498201,,,  ,  ,  ,  ,, , ,,000000000,,2024-04-24,,4,C, , ,1,  , ,R, , , , ,A, ,A,, , , , , , , , , , , , , , , , , , , , , , , ,0,0, , , , ,0.00,0.00,0.00,0,    , ,2024-04-24,,,  ,, ,  , , , , , , , , , , ,0,0, , , ,0.28000,T,,0,0,0,RETL, ,    , ,    ,    ,    ,0,SX68,6,0,0.000,,0.000,,0, ,6,     , ,0, ,0,,1,1,1,6.25, , ,     , , , ,,N, , ,1,0,6, , , , ,    , ,6,0,6,     ,     , ,, ,,0,1,0,0,0,0,0,0,0,0,0,0, ,  ,, , ,      ,0,0, , , ,AB  ,    ,    , , , , , , ,DE22001U,$CICST1 , , , , , ,  ,0,N, , ,S, , , , ,betaaccess/A56_ACT_20240425
C,75823918,6,1,AB01,            ,,,          ,1,JONATHANY ANDERSON,350 N SUNNY SLOPE RD,BROOKFIELD WI,,,,ANDERSON,,,,,2623498201,,,  ,  ,  ,  ,, , ,,000000000,,2024-04-24,,4,C, , ,1,  , ,R, , , , ,A, ,A,, , , , , , , , , , , , , , , , , , , , , , , ,0,0, , , , ,0.00,0.00,0.00,0,    , ,2024-04-24,,,  ,, ,  , , , , , , , , , , ,0,0, , , ,0.28000,T,,0,0,0,RETL, ,    , ,    ,    ,    ,0,SX68,6,0,0.000,,0.000,,0, ,6,     , ,0, ,0,,1,1,1,6.25, , ,     , , , ,,N, , ,1,0,6, , , , ,    , ,6,0,6,     ,     , ,, ,,0,1,0,0,0,0,0,0,0,0,0,0, ,  ,, , ,      ,0,0, , , ,AB  ,    ,    , , , , , , ,DE22001U,$CICST1 , , , , , ,  ,0,N, , ,S, , , , ,betaaccess/A56_ACT_20240425
C,75823919,6,1,AB01,            ,,,          ,1,JONATHANY ANDERSON,350 N SUNNY SLOPE RD,BROOKFIELD WI,,,,ANDERSON,,,,,2623498201,,,  ,  ,  ,  ,, , ,,000000000,,2024-04-24,,4,C, , ,1,  , ,R, , , , ,A, ,A,, , , , , , , , , , , , , , , , , , , , , , , ,0,0, , , , ,0.00,0.00,0.00,0,    , ,2024-04-24,,,  ,, ,  , , , , , , , , , , ,0,0, , , ,0.28000,T,,0,0,0,RETL, ,    , ,    ,    ,    ,0,SX68,6,0,0.000,,0.000,,0, ,6,     , ,0, ,0,,1,1,1,6.25, , ,     , , , ,,N, , ,1,0,6, , , , ,    , ,6,0,6,     ,     , ,, ,,0,1,0,0,0,0,0,0,0,0,0,0, ,  ,, , ,      ,0,0, , , ,AB  ,    ,    , , , , , , ,DE22001U,$CICST1 , , , , , ,  ,0,N, , ,S, , , , ,betaaccess/A56_ACT_20240425
A,75823920,6,1,AB01,            ,,,          ,1,JONATHANY ANDERSON,350 N SUNNY SLOPE RD,BROOKFIELD WI,,,,ANDERSON,,,,,2623498201,,,  ,  ,  ,  ,, , ,,000000000,,2024-04-25,,4,C, , ,1,  , ,R, , , , ,A, ,A,, , , , , , , , , , , , , , , , , , , , , , , ,0,0, , , , ,0.00,0.00,0.00,0,    , ,2024-04-25,,,  ,, ,  , , , , , , , , , , ,0,0, , , ,0.00000, ,,0,0,0,RETL, ,    , ,    ,    ,    ,0,SX68,6,0,0.000,,0.000,,0, ,6,     , ,0, ,0,,1,1,1,6.25, , ,     , , , ,,N, , ,1,0,6, , , , ,    , ,6,0,6,     ,     , ,, ,,0,1,0,0,0,0,0,0,0,0,0,0, ,  ,, , ,      ,0,0, , , ,AB  ,    ,    , , , , , , ,DE22001U,$CICST1 , , , , , ,  ,0,N, , ,S, , , , ,betaaccess/A56_ACT_20240425
A,75823921,6,1,AB01,            ,,,          ,1,JONATHANY ANDERSON,350 N SUNNY SLOPE RD,BROOKFIELD WI,,,,ANDERSON,,,,,2623498201,,,  ,  ,  ,  ,, , ,,000000000,,2024-04-25,,4,C, , ,1,  , ,R, , , , ,A, ,A,, , , , , , , , , , , , , , , , , , , , , , , ,0,0, , , , ,0.00,0.00,0.00,0,    , ,2024-04-25,,,  ,, ,  , , , , , , , , , , ,0,0, , , ,0.00000, ,,0,0,0,RETL, ,    , ,    ,    ,    ,0,SX68,6,0,0.000,,0.000,,0, ,6,     , ,0, ,0,,1,1,1,6.25, , ,     , , , ,,N, , ,1,0,6, , , , ,    , ,6,0,6,     ,     , ,, ,,0,1,0,0,0,0,0,0,0,0,0,0, ,  ,, , ,      ,0,0, , , ,AB  ,    ,    , , , , , , ,DE22001U,$CICST1 , , , , , ,  ,0,N, , ,S, , , , ,betaaccess/A56_ACT_20240425
A,75823922,6,1,AB01,            ,,,          ,1,JONATHANY ANDERSON,350 N SUNNY SLOPE RD,BROOKFIELD WI,,,,ANDERSON,,,,,2623498201,,,  ,  ,  ,  ,, , ,,000000000,,2024-04-25,,4,C, , ,1,  , ,R, , , , ,A, ,A,, , , , , , , , , , , , , , , , , , , , , , , ,0,0, , , , ,0.00,0.00,0.00,0,    , ,2024-04-25,,,  ,, ,  , , , , , , , , , , ,0,0, , , ,0.00000, ,,0,0,0,RETL, ,    , ,    ,    ,    ,0,SX68,6,0,0.000,,0.000,,0, ,6,     , ,0, ,0,,1,1,1,6.25, , ,     , , , ,,N, , ,1,0,6, , , , ,    , ,6,0,6,     ,     , ,, ,,0,1,0,0,0,0,0,0,0,0,0,0, ,  ,, , ,      ,0,0, , , ,AB  ,    ,    , , , , , , ,DE22001U,$CICST1 , , , , , ,  ,0,N, , ,S, , , , ,betaaccess/A56_ACT_20240425
A,75823923,6,1,AB01,            ,,,          ,1,JONATHANY ANDERSON,350 N SUNNY SLOPE RD,BROOKFIELD WI,,,,ANDERSON,,,,,2623498201,,,  ,  ,  ,  ,, , ,,000000000,,2024-04-25,,4,C, , ,1,  , ,R, , , , ,A, ,A,, , , , , , , , , , , , , , , , , , , , , , , ,0,0, , , , ,0.00,0.00,0.00,0,    , ,2024-04-25,,,  ,, ,  , , , , , , , , , , ,0,0, , , ,0.00000, ,,0,0,0,RETL, ,    , ,    ,    ,    ,0,SX68,6,0,0.000,,0.000,,0, ,6,     , ,0, ,0,,1,1,1,6.25, , ,     , , , ,,N, , ,1,0,6, , , , ,    , ,6,0,6,     ,     , ,, ,,0,1,0,0,0,0,0,0,0,0,0,0, ,  ,, , ,      ,0,0, , , ,AB  ,    ,    , , , , , , ,DE22001U,$CICST1 , , , , , ,  ,0,N, , ,S, , , , ,betaaccess/A56_ACT_20240425
A,75823924,6,1,AB01,            ,,,          ,1,JONATHANY ANDERSON,350 N SUNNY SLOPE RD,BROOKFIELD WI,,,,ANDERSON,,,,,2623498201,,,  ,  ,  ,  ,, , ,,000000000,,2024-04-25,,4,C, , ,1,  , ,R, , , , ,A, ,A,, , , , , , , , , , , , , , , , , , , , , , , ,0,0, , , , ,0.00,0.00,0.00,0,    , ,2024-04-25,,,  ,, ,  , , , , , , , , , , ,0,0, , , ,0.00000, ,,0,0,0,RETL, ,    , ,    ,    ,    ,0,SX68,6,0,0.000,,0.000,,0, ,6,     , ,0, ,0,,1,1,1,6.25, , ,     , , , ,,N, , ,1,0,6, , , , ,    , ,6,0,6,     ,     , ,, ,,0,1,0,0,0,0,0,0,0,0,0,0, ,  ,, , ,      ,0,0, , , ,AB  ,    ,    , , , , , , ,DE22001U,$CICST1 , , , , , ,  ,0,N, , ,S, , , , ,betaaccess/A56_ACT_20240425
A,75823925,6,1,AB01,            ,,,          ,1,JONATHANY ANDERSON,350 N SUNNY SLOPE RD,BROOKFIELD WI,,,,ANDERSON,,,,,2623498201,,,  ,  ,  ,  ,, , ,,000000000,,2024-04-25,,4,C, , ,1,  , ,R, , , , ,A, ,A,, , , , , , , , , , , , , , , , , , , , , , , ,0,0, , , , ,0.00,0.00,0.00,0,    , ,2024-04-25,,,  ,, ,  , , , , , , , , , , ,0,0, , , ,0.00000, ,,0,0,0,RETL, ,    , ,    ,    ,    ,0,SX68,6,0,0.000,,0.000,,0, ,6,     , ,0, ,0,,1,1,1,6.25, , ,     , , , ,,N, , ,1,0,6, , , , ,    , ,6,0,6,     ,     , ,, ,,0,1,0,0,0,0,0,0,0,0,0,0, ,  ,, , ,      ,0,0, , , ,AB  ,    ,    , , , , , , ,DE22001U,$CICST1 , , , , , ,  ,0,N, , ,S, , , , ,betaaccess/A56_ACT_20240425
A,75823926,6,1,AB01,            ,,,          ,1,JONATHANY ANDERSON,350 N SUNNY SLOPE RD,BROOKFIELD WI,,,,ANDERSON,,,,,2623498201,,,  ,  ,  ,  ,, , ,,000000000,,2024-04-25,,4,C, , ,1,  , ,R, , , , ,A, ,A,, , , , , , , , , , , , , , , , , , , , , , , ,0,0, , , , ,0.00,0.00,0.00,0,    , ,2024-04-25,,,  ,, ,  , , , , , , , , , , ,0,0, , , ,0.00000, ,,0,0,0,RETL, ,    , ,    ,    ,    ,0,SX68,6,0,0.000,,0.000,,0, ,6,     , ,0, ,0,,1,1,1,6.25, , ,     , , , ,,N, , ,1,0,6, , , , ,    , ,6,0,6,     ,     , ,, ,,0,1,0,0,0,0,0,0,0,0,0,0, ,  ,, , ,      ,0,0, , , ,AB  ,    ,    , , , , , , ,DE22001U,$CICST1 , , , , , ,  ,0,N, , ,S, , , , ,betaaccess/A56_ACT_20240425
A,75823927,6,1,AB01,            ,,,          ,1,JONATHANY ANDERSON,350 N SUNNY SLOPE RD,BROOKFIELD WI,,,,ANDERSON,,,,,2623498201,,,  ,  ,  ,  ,, , ,,000000000,,2024-04-25,,4,C, , ,1,  , ,R, , , , ,A, ,A,, , , , , , , , , , , , , , , , , , , , , , , ,0,0, , , , ,0.00,0.00,0.00,0,    , ,2024-04-25,,,  ,, ,  , , , , , , , , , , ,0,0, , , ,0.00000, ,,0,0,0,RETL, ,    , ,    ,    ,    ,0,SX68,6,0,0.000,,0.000,,0, ,6,     , ,0, ,0,,1,1,1,6.25, , ,     , , , ,,N, , ,1,0,6, , , , ,    , ,6,0,6,     ,     , ,, ,,0,1,0,0,0,0,0,0,0,0,0,0, ,  ,, , ,      ,0,0, , , ,AB  ,    ,    , , , , , , ,DE22001U,$CICST1 , , , , , ,  ,0,N, , ,S, , , , ,betaaccess/A56_ACT_20240425
A,75823928,6,1,AB01,            ,,,          ,1,JONATHANY ANDERSON,350 N SUNNY SLOPE RD,BROOKFIELD WI,,,,ANDERSON,,,,,2623498201,,,  ,  ,  ,  ,, , ,,000000000,,2024-04-25,,4,C, , ,1,  , ,R, , , , ,A, ,A,, , , , , , , , , , , , , , , , , , , , , , , ,0,0, , , , ,0.00,0.00,0.00,0,    , ,2024-04-25,,,  ,, ,  , , , , , , , , , , ,0,0, , , ,0.00000, ,,0,0,0,RETL, ,    , ,    ,    ,    ,0,SX68,6,0,0.000,,0.000,,0, ,6,     , ,0, ,0,,1,1,1,6.25, , ,     , , , ,,N, , ,1,0,6, , , , ,    , ,6,0,6,     ,     , ,, ,,0,1,0,0,0,0,0,0,0,0,0,0, ,  ,, , ,      ,0,0, , , ,AB  ,    ,    , , , , , , ,DE22001U,$CICST1 , , , , , ,  ,0,N, , ,S, , , , ,betaaccess/A56_ACT_20240425
A,75823929,6,1,AB01,            ,,,          ,1,JONATHANY ANDERSON,350 N SUNNY SLOPE RD,BROOKFIELD WI,,,,ANDERSON,,,,,2623498201,,,  ,  ,  ,  ,, , ,,000000000,,2024-04-25,,4,C, , ,1,  , ,R, , , , ,A, ,A,, , , , , , , , , , , , , , , , , , , , , , , ,0,0, , , , ,0.00,0.00,0.00,0,    , ,2024-04-25,,,  ,, ,  , , , , , , , , , , ,0,0, , , ,0.00000, ,,0,0,0,RETL, ,    , ,    ,    ,    ,0,SX68,6,0,0.000,,0.000,,0, ,6,     , ,0, ,0,,1,1,1,6.25, , ,     , , , ,,N, , ,1,0,6, , , , ,    , ,6,0,6,     ,     , ,, ,,0,1,0,0,0,0,0,0,0,0,0,0, ,  ,, , ,      ,0,0, , , ,AB  ,    ,    , , , , , , ,DE22001U,$CICST1 , , , , , ,  ,0,N, , ,S, , , , ,betaaccess/A56_ACT_20240425
C,74825004,6,1,AB01,            ,60015,,          ,3,JOSE HERNANDEZ AND,17750 TREMONT ST,JTWROS,641 LOMBARDY LN,DEERFIELD IL             ZIPCD,,HERNANDEZ  JOSE,HERNANDEZ  SOFIA,,,,,,,IL,  ,  ,  ,, , ,,666556666,,2021-06-10,2024-05-01,4,C, , ,1,  , ,X, , , , ,J, , ,, , , , ,X, ,L, , , , , , , , , ,X,X, , , , , ,0,0, , , , ,0.70,0.70,0.70,0,    , ,2021-06-10,,,  ,, ,  , , , , , , , , , , ,0,0, , , ,0.00000, ,,0,0,0,RETL, ,    , ,    ,    ,    ,0,SX68,6,0,0.000,,0.000,,0, ,6,     , ,0, ,0,,1,1,1,6.25, , ,     , , , ,,R, , ,1,0,6, , , , ,    , ,6,0,6,     ,     , ,, ,,0,2,0,0,0,0,0,0,0,0,0,0, ,  ,DEERFIELD, , ,      ,9999211,0, , , ,AB  ,    ,    , , , , , , ,DE22001U,$CICST1 , , ,X, , ,  ,0,N, , ,S, , , , ,betaaccess/A56_ACT_20240501
C,74825005,6,1,AB01,            ,60015,,          ,3,REFINITIV CUSTODIAN FBO,940 TANGLEWOOD DR,TRADITIONAL IRA,641 LOMBARDY LN          ZIPCD,,,HERNANDEZ  JOSE,,,,,,,,IL,  ,  ,  ,, , ,,666556666,,2021-06-10,2024-05-01,4,C,I,R,1,  , , , ,X, , ,I, , ,,I, , , ,X, ,L, , , , , , , , , ,X,X, , , , , ,0,0, , , , ,0.70,0.70,0.70,0,    , ,,,,  ,, ,  , , , , , , , , , , ,0,0, , , ,0.00000, ,,0,0,0,RETL, ,    , ,    ,    ,    ,0,SX68,6,0,0.000,,0.000,,0, ,6,     , ,0, ,0,,1,1,1,6.25, , ,     , , , ,,N, , ,1,0,6, , , , ,    , ,6,0,6,     ,     , ,, ,,0,2,0,0,0,0,0,0,0,0,0,0, ,  ,641 LOMBARDY, , ,      ,9999211,0, , , ,AB  ,    ,    , , , , , , ,DE22001U,$CICST1 , , ,X, , ,  ,0,N, , ,S, , , , ,betaaccess/A56_ACT_20240501
C,74825017,6,1,AB01,            ,60607,,          ,3,ANTOINE LAWRENCE &,855 MICHAEL DR,JTWROS,10156 W MONROE STREET,CHICAGO IL               ZIPCD,,LAWRENCE  ANTOINE,LAWRENCE  KAREN,,,,,,,IL,  ,  ,  ,, , ,,434343434,,2021-04-06,2024-05-01,4,C, , ,1,  , ,X, , , , ,J, , ,, , , , ,X, ,L, , , , , , , , , ,X,X, , , , , ,0,0, , , , ,0.75,0.75,0.75,0,    , ,2021-04-06,,,  ,, ,  , , , , , , , , , , ,0,0, , , ,0.00000, ,,0,0,0,RETL, ,    , ,    ,    ,    ,0,SX68,6,0,0.000,,0.000,,0, ,6,     , ,0, ,0,,1,1,1,6.25, , ,     , , , ,,R, , ,1,0,6, , , , ,    , ,6,0,6,     ,     , ,, ,,0,2,0,0,0,0,0,0,0,0,0,0, ,  ,CHICAGO, , ,      ,9999211,0, , , ,AB  ,    ,    , , , , , , ,DE22001U,$CICST1 , , ,X, , ,  ,0,N, , ,S, , , , ,betaaccess/A56_ACT_20240501
C,74829014,6,1,AB01,            ,53051,,          ,3,REFINITIV CUSTODIAN FBO,600 HAWKS RIDGE RD,TRADITIONAL IRA,N172W7950 SHADY LANE,MENOMONEE FALLS WI       ZIPCD,,MCMILLAN  JOSHUA,,,,,,,,WI,  ,  ,  ,, , ,,444555555,,2021-06-10,2024-05-01,4,C,I,R,1,  , ,X, , , , ,I, , ,, , , , ,X, ,L, , , , , , , , , ,X,X, , , , , ,0,0, , , , ,0.65,0.65,0.65,0,    , ,2021-06-10,,,  ,, ,  , , , , , , , , , , ,0,0, , , ,0.00000, ,,0,0,0,RETL, ,    , ,    ,    ,    ,0,SX68,6,0,0.000,,0.000,,0, ,6,     , ,0, ,0,,1,1,1,6.25, , ,     , , , ,,R, , ,2,0,6, , , , ,    , ,6,0,6,     ,     , ,, ,,0,2,0,0,0,0,0,0,0,0,0,0, ,  ,MENOMONEE FALLS, , ,      ,9999211,0, , , ,AB  ,    ,    , , , , , , ,DE22001U,$CICST1 , , ,X, , ,  ,0,N, , ,S, , , , ,betaaccess/A56_ACT_20240501
C,75823451,6,1,AB01,            ,,,          ,1,JONATHANY ANDERSON,17750 TREMONT ST,BROOKFIELD WI,,,,ANDERSON,,,,,2623498201,,,  ,  ,  ,  ,, , ,,000000000,,2024-02-21,2024-05-01,4,C, , ,1,  ,X,R, , , , ,A, ,A,, , , , , , , , , , , , , , , , , , , , , , , ,0,0, , , , ,0.00,0.00,0.00,0,    , ,2024-02-21,,,  ,, ,  , , , , , , , , , , ,0,0, , , ,0.28000,T,,0,0,0,RETL, ,    , ,    ,    ,    ,0,SX68,6,0,0.000,,0.000,,0, ,6,     , ,0, ,0,,1,1,1,6.25, , ,     , , , ,,N, , ,1,0,6, , , , ,    , ,6,0,6,     ,     , ,, ,,0,1,0,0,0,0,0,0,0,0,0,0, ,  ,, , ,      ,0,0, , , ,AB  ,    ,    , , , , , , ,DE22001U,$CICST1 , , , , , ,  ,0,N, , ,S, , , , ,betaaccess/A56_ACT_20240501
A,75823940,6,1,AB01,            ,,,          ,1,JONATHANY ANDERSON,350 N SUNNY SLOPE RD,BROOKFIELD WI,,,,ANDERSON,,,,,2623498201,,,  ,  ,  ,  ,, , ,,000000000,,2024-05-01,,4,C, , ,1,  , ,R, , , , ,A, ,A,, , , , , , , , , , , , , , , , , , , , , , , ,0,0, , , , ,0.00,0.00,0.00,0,    , ,2024-05-01,,,  ,, ,  , , , , , , , , , , ,0,0, , , ,0.00000, ,,0,0,0,RETL, ,    , ,    ,    ,    ,0,SX68,6,0,0.000,,0.000,,0, ,6,     , ,0, ,0,,1,1,1,6.25, , ,     , , , ,,N, , ,1,0,6, , , , ,    , ,6,0,6,     ,     , ,, ,,0,1,0,0,0,0,0,0,0,0,0,0, ,  ,, , ,      ,0,0, , , ,AB  ,    ,    , , , , , , ,DE22001U,$CICST1 , , , , , ,  ,0,N, , ,S, , , , ,betaaccess/A56_ACT_20240501
A,75823941,6,1,AB01,            ,,,          ,1,JONATHANY ANDERSON,350 N SUNNY SLOPE RD,BROOKFIELD WI,,,,ANDERSON,,,,,2623498201,,,  ,  ,  ,  ,, , ,,000000000,,2024-05-01,,4,C, , ,1,  , ,R, , , , ,A, ,A,, , , , , , , , , , , , , , , , , , , , , , , ,0,0, , , , ,0.00,0.00,0.00,0,    , ,2024-05-01,,,  ,, ,  , , , , , , , , , , ,0,0, , , ,0.00000, ,,0,0,0,RETL, ,    , ,    ,    ,    ,0,SX68,6,0,0.000,,0.000,,0, ,6,     , ,0, ,0,,1,1,1,6.25, , ,     , , , ,,N, , ,1,0,6, , , , ,    , ,6,0,6,     ,     , ,, ,,0,1,0,0,0,0,0,0,0,0,0,0, ,  ,, , ,      ,0,0, , , ,AB  ,    ,    , , , , , , ,DE22001U,$CICST1 , , , , , ,  ,0,N, , ,S, , , , ,betaaccess/A56_ACT_20240501
A,75823942,6,1,AB01,            ,,,          ,1,JONATHANY ANDERSON,350 N SUNNY SLOPE RD,BROOKFIELD WI,,,,ANDERSON,,,,,2623498201,,,  ,  ,  ,  ,, , ,,000000000,,2024-05-01,,4,C, , ,1,  , ,R, , , , ,A, ,A,, , , , , , , , , , , , , , , , , , , , , , , ,0,0, , , , ,0.00,0.00,0.00,0,    , ,2024-05-01,,,  ,, ,  , , , , , , , , , , ,0,0, , , ,0.00000, ,,0,0,0,RETL, ,    , ,    ,    ,    ,0,SX68,6,0,0.000,,0.000,,0, ,6,     , ,0, ,0,,1,1,1,6.25, , ,     , , , ,,N, , ,1,0,6, , , , ,    , ,6,0,6,     ,     , ,, ,,0,1,0,0,0,0,0,0,0,0,0,0, ,  ,, , ,      ,0,0, , , ,AB  ,    ,    , , , , , , ,DE22001U,$CICST1 , , , , , ,  ,0,N, , ,S, , , , ,betaaccess/A56_ACT_20240501
A,75823943,6,1,AB01,            ,,,          ,1,JONATHANY ANDERSON,350 N SUNNY SLOPE RD,BROOKFIELD WI,,,,ANDERSON,,,,,2623498201,,,  ,  ,  ,  ,, , ,,000000000,,2024-05-01,,4,C, , ,1,  , ,R, , , , ,A, ,A,, , , , , , , , , , , , , , , , , , , , , , , ,0,0, , , , ,0.00,0.00,0.00,0,    , ,2024-05-01,,,  ,, ,  , , , , , , , , , , ,0,0, , , ,0.00000, ,,0,0,0,RETL, ,    , ,    ,    ,    ,0,SX68,6,0,0.000,,0.000,,0, ,6,     , ,0, ,0,,1,1,1,6.25, , ,     , , , ,,N, , ,1,0,6, , , , ,    , ,6,0,6,     ,     , ,, ,,0,1,0,0,0,0,0,0,0,0,0,0, ,  ,, , ,      ,0,0, , , ,AB  ,    ,    , , , , , , ,DE22001U,$CICST1 , , , , , ,  ,0,N, , ,S, , , , ,betaaccess/A56_ACT_20240501
A,75823944,6,1,AB01,            ,,,          ,1,JONATHANY ANDERSON,350 N SUNNY SLOPE RD,BROOKFIELD WI,,,,ANDERSON,,,,,2623498201,,,  ,  ,  ,  ,, , ,,000000000,,2024-05-01,,4,C, , ,1,  , ,R, , , , ,A, ,A,, , , , , , , , , , , , , , , , , , , , , , , ,0,0, , , , ,0.00,0.00,0.00,0,    , ,2024-05-01,,,  ,, ,  , , , , , , , , , , ,0,0, , , ,0.00000, ,,0,0,0,RETL, ,    , ,    ,    ,    ,0,SX68,6,0,0.000,,0.000,,0, ,6,     , ,0, ,0,,1,1,1,6.25, , ,     , , , ,,N, , ,1,0,6, , , , ,    , ,6,0,6,     ,     , ,, ,,0,1,0,0,0,0,0,0,0,0,0,0, ,  ,, , ,      ,0,0, , , ,AB  ,    ,    , , , , , , ,DE22001U,$CICST1 , , , , , ,  ,0,N, , ,S, , , , ,betaaccess/A56_ACT_20240501
A,75823945,6,1,AB01,            ,,,          ,1,JONATHANY ANDERSON,350 N SUNNY SLOPE RD,BROOKFIELD WI,,,,ANDERSON,,,,,2623498201,,,  ,  ,  ,  ,, , ,,000000000,,2024-05-01,,4,C, , ,1,  , ,R, , , , ,A, ,A,, , , , , , , , , , , , , , , , , , , , , , , ,0,0, , , , ,0.00,0.00,0.00,0,    , ,2024-05-01,,,  ,, ,  , , , , , , , , , , ,0,0, , , ,0.00000, ,,0,0,0,RETL, ,    , ,    ,    ,    ,0,SX68,6,0,0.000,,0.000,,0, ,6,     , ,0, ,0,,1,1,1,6.25, , ,     , , , ,,N, , ,1,0,6, , , , ,    , ,6,0,6,     ,     , ,, ,,0,1,0,0,0,0,0,0,0,0,0,0, ,  ,, , ,      ,0,0, , , ,AB  ,    ,    , , , , , , ,DE22001U,$CICST1 , , , , , ,  ,0,N, , ,S, , , , ,betaaccess/A56_ACT_20240501
A,75823946,6,1,AB01,            ,,,          ,1,JONATHANY ANDERSON,350 N SUNNY SLOPE RD,BROOKFIELD WI,,,,ANDERSON,,,,,2623498201,,,  ,  ,  ,  ,, , ,,000000000,,2024-05-01,,4,C, , ,1,  , ,R, , , , ,A, ,A,, , , , , , , , , , , , , , , , , , , , , , , ,0,0, , , , ,0.00,0.00,0.00,0,    , ,2024-05-01,,,  ,, ,  , , , , , , , , , , ,0,0, , , ,0.00000, ,,0,0,0,RETL, ,    , ,    ,    ,    ,0,SX68,6,0,0.000,,0.000,,0, ,6,     , ,0, ,0,,1,1,1,6.25, , ,     , , , ,,N, , ,1,0,6, , , , ,    , ,6,0,6,     ,     , ,, ,,0,1,0,0,0,0,0,0,0,0,0,0, ,  ,, , ,      ,0,0, , , ,AB  ,    ,    , , , , , , ,DE22001U,$CICST1 , , , , , ,  ,0,N, , ,S, , , , ,betaaccess/A56_ACT_20240501
A,75823947,6,1,AB01,            ,,,          ,1,JONATHANY ANDERSON,350 N SUNNY SLOPE RD,BROOKFIELD WI,,,,ANDERSON,,,,,2623498201,,,  ,  ,  ,  ,, , ,,000000000,,2024-05-01,,4,C, , ,1,  , ,R, , , , ,A, ,A,, , , , , , , , , , , , , , , , , , , , , , , ,0,0, , , , ,0.00,0.00,0.00,0,    , ,2024-05-01,,,  ,, ,  , , , , , , , , , , ,0,0, , , ,0.00000, ,,0,0,0,RETL, ,    , ,    ,    ,    ,0,SX68,6,0,0.000,,0.000,,0, ,6,     , ,0, ,0,,1,1,1,6.25, , ,     , , , ,,N, , ,1,0,6, , , , ,    , ,6,0,6,     ,     , ,, ,,0,1,0,0,0,0,0,0,0,0,0,0, ,  ,, , ,      ,0,0, , , ,AB  ,    ,    , , , , , , ,DE22001U,$CICST1 , , , , , ,  ,0,N, , ,S, , , , ,betaaccess/A56_ACT_20240501
A,75823948,6,1,AB01,            ,,,          ,1,JONATHANY ANDERSON,350 N SUNNY SLOPE RD,BROOKFIELD WI,,,,ANDERSON,,,,,2623498201,,,  ,  ,  ,  ,, , ,,000000000,,2024-05-01,,4,C, , ,1,  , ,R, , , , ,A, ,A,, , , , , , , , , , , , , , , , , , , , , , , ,0,0, , , , ,0.00,0.00,0.00,0,    , ,2024-05-01,,,  ,, ,  , , , , , , , , , , ,0,0, , , ,0.00000, ,,0,0,0,RETL, ,    , ,    ,    ,    ,0,SX68,6,0,0.000,,0.000,,0, ,6,     , ,0, ,0,,1,1,1,6.25, , ,     , , , ,,N, , ,1,0,6, , , , ,    , ,6,0,6,     ,     , ,, ,,0,1,0,0,0,0,0,0,0,0,0,0, ,  ,, , ,      ,0,0, , , ,AB  ,    ,    , , , , , , ,DE22001U,$CICST1 , , , , , ,  ,0,N, , ,S, , , , ,betaaccess/A56_ACT_20240501
A,75823949,6,1,AB01,            ,,,          ,1,JONATHANY ANDERSON,350 N SUNNY SLOPE RD,BROOKFIELD WI,,,,ANDERSON,,,,,2623498201,,,  ,  ,  ,  ,, , ,,000000000,,2024-05-01,,4,C, , ,1,  , ,R, , , , ,A, ,A,, , , , , , , , , , , , , , , , , , , , , , , ,0,0, , , , ,0.00,0.00,0.00,0,    , ,2024-05-01,,,  ,, ,  , , , , , , , , , , ,0,0, , , ,0.00000, ,,0,0,0,RETL, ,    , ,    ,    ,    ,0,SX68,6,0,0.000,,0.000,,0, ,6,     , ,0, ,0,,1,1,1,6.25, , ,     , , , ,,N, , ,1,0,6, , , , ,    , ,6,0,6,     ,     , ,, ,,0,1,0,0,0,0,0,0,0,0,0,0, ,  ,, , ,      ,0,0, , , ,AB  ,    ,    , , , , , , ,DE22001U,$CICST1 , , , , , ,  ,0,N, , ,S, , , , ,betaaccess/A56_ACT_20240501
